timestamp,open,high,low,close,volume,timestamp_date
1758183540000,0.096748,0.096787,0.096748,0.096787,10.9830625,2025-09-18 08:19:00
1758183600000,0.096838,0.096886,0.096838,0.096886,11.042292,2025-09-18 08:20:00
1758183660000,0.096912,0.096957,0.096912,0.096957,11.292903,2025-09-18 08:21:00
1758183720000,0.096985,0.097005,0.096985,0.097005,10.9119225,2025-09-18 08:22:00
1758183780000,0.097063,0.097063,0.097045,0.097045,11.3068045,2025-09-18 08:23:00
1758183840000,0.097076,0.097095,0.097076,0.097095,11.164804,2025-09-18 08:24:00
1758183900000,0.097122,0.097128,0.097122,0.097128,11.120799,2025-09-18 08:25:00
1758183960000,0.097135,0.097142,0.097135,0.097142,10.782377,2025-09-18 08:26:00
1758184020000,0.09715,0.097237,0.09715,0.097237,10.934247,2025-09-18 08:27:00
1758184080000,0.097237,0.097237,0.097186,0.097186,10.936332,2025-09-18 08:28:00
1758184140000,0.097193,0.097222,0.097193,0.097222,11.178848,2025-09-18 08:29:00
1758184200000,0.097201,0.097204,0.097201,0.097204,11.081082,2025-09-18 08:30:00
1758184260000,0.097204,0.097204,0.097155,0.097155,10.835502,2025-09-18 08:31:00
1758184320000,0.097138,0.097142,0.097138,0.097142,11.122521,2025-09-18 08:32:00
1758184380000,0.097144,0.097144,0.097144,0.097144,11.365848,2025-09-18 08:33:00
1758184440000,0.097221,0.097221,0.097172,0.097172,11.2261345,2025-09-18 08:34:00
1758184500000,0.097181,0.097182,0.097181,0.097182,11.224462,2025-09-18 08:35:00
1758184560000,0.097195,0.097209,0.097195,0.097209,11.3240505,2025-09-18 08:36:00
1758184620000,0.097256,0.097324,0.097256,0.097324,11.042364,2025-09-18 08:37:00
1758184680000,0.097308,0.097316,0.097308,0.097316,11.044906,2025-09-18 08:38:00
1758184740000,0.097344,0.097384,0.097344,0.097384,11.245512,2025-09-18 08:39:00
1758184800000,0.097406,0.09742,0.097406,0.09742,11.251219,2025-09-18 08:40:00
1758184860000,0.097432,0.09744,0.097432,0.09744,11.448728,2025-09-18 08:41:00
1758184920000,0.097527,0.097527,0.097443,0.097443,11.2593705,2025-09-18 08:42:00
1758184980000,0.097413,0.097413,0.097325,0.097325,11.3435545,2025-09-18 08:43:00
1758185040000,0.097402,0.097402,0.097392,0.097392,10.957175,2025-09-18 08:44:00
1758185100000,0.097397,0.097397,0.097334,0.097334,11.245668,2025-09-18 08:45:00
1758185160000,0.097285,0.097285,0.097247,0.097247,11.0884,2025-09-18 08:46:00
1758185220000,0.09723,0.097288,0.09723,0.097288,10.94171,2025-09-18 08:47:00
1758185280000,0.097278,0.097326,0.097278,0.097326,11.433021,2025-09-18 08:48:00
1758185340000,0.097238,0.097296,0.097238,0.097296,11.428887,2025-09-18 08:49:00
1758185400000,0.097247,0.097276,0.097247,0.097276,11.4282045,2025-09-18 08:50:00
1758185460000,0.097276,0.097334,0.097276,0.097334,10.752217,2025-09-18 08:51:00
1758185520000,0.097363,0.097363,0.097333,0.097333,11.0490355,2025-09-18 08:52:00
1758185580000,0.097323,0.097323,0.097323,0.097323,11.1434835,2025-09-18 08:53:00
1758185640000,0.097243,0.097243,0.097213,0.097213,11.1326735,2025-09-18 08:54:00
1758185700000,0.097281,0.097281,0.097203,0.097203,11.1341895,2025-09-18 08:55:00
1758185760000,0.097151,0.097157,0.097151,0.097157,11.07555,2025-09-18 08:56:00
1758185820000,0.097186,0.097201,0.097186,0.097201,11.080074,2025-09-18 08:57:00
1758185880000,0.097228,0.097276,0.097228,0.097276,11.13527,2025-09-18 08:58:00
1758185940000,0.097289,0.097333,0.097289,0.097333,11.190677,2025-09-18 08:59:00
1758186000000,0.097344,0.09735,0.097344,0.09735,11.048883,2025-09-18 09:00:00
1758186060000,0.097359,0.097407,0.097359,0.097407,10.7608335,2025-09-18 09:01:00
1758186120000,0.097368,0.097368,0.097368,0.097368,11.002584,2025-09-18 09:02:00
1758186180000,0.097368,0.097368,0.097351,0.097351,11.050299,2025-09-18 09:03:00
1758186240000,0.097389,0.097418,0.097389,0.097418,11.493613,2025-09-18 09:04:00
1758186300000,0.097408,0.097408,0.097378,0.097378,11.248899,2025-09-18 09:05:00
1758186360000,0.097348,0.097396,0.097348,0.097396,11.29508,2025-09-18 09:06:00
1758186420000,0.097386,0.097386,0.097356,0.097356,11.295036,2025-09-18 09:07:00
1758186480000,0.097268,0.097316,0.097268,0.097316,11.237142,2025-09-18 09:08:00
1758186540000,0.097306,0.097307,0.097306,0.097307,11.4821675,2025-09-18 09:09:00
1758186600000,0.097394,0.097442,0.097394,0.097442,10.959561,2025-09-18 09:10:00
1758186660000,0.097401,0.097488,0.097401,0.097488,11.498451,2025-09-18 09:11:00
1758186720000,0.097478,0.097478,0.097478,0.097478,11.356187,2025-09-18 09:12:00
1758186780000,0.097497,0.097497,0.097487,0.097487,10.8703655,2025-09-18 09:13:00
1758186840000,0.097409,0.097409,0.097379,0.097379,11.4437725,2025-09-18 09:14:00
1758186900000,0.097466,0.097514,0.097466,0.097514,11.065127,2025-09-18 09:15:00
1758186960000,0.097514,0.097582,0.097514,0.097582,10.974235,2025-09-18 09:16:00
1758187020000,0.097366,0.097453,0.097366,0.097388,979.660503280344,2025-09-18 09:17:00
1758187080000,0.097402,0.097416,0.097402,0.097416,11.055946,2025-09-18 09:18:00
1758187140000,0.097493,0.097493,0.097466,0.097466,10.8202245,2025-09-18 09:19:00
1758187200000,0.097485,0.097494,0.097485,0.097494,11.406276,2025-09-18 09:20:00
1758187260000,0.097533,0.097554,0.097533,0.097554,11.0712135,2025-09-18 09:21:00
1758187320000,0.097622,0.09769,0.097622,0.09769,11.083871,2025-09-18 09:22:00
1758187380000,0.097729,0.097787,0.097729,0.097787,11.339957,2025-09-18 09:23:00
1758187440000,0.097777,0.097777,0.097767,0.097767,10.9993375,2025-09-18 09:24:00
1758187500000,0.097791,0.097791,0.097749,0.097749,11.0969475,2025-09-18 09:25:00
1758187560000,0.097758,0.097816,0.097758,0.097816,10.903265,2025-09-18 09:26:00
1758187620000,0.097825,0.097832,0.097825,0.097832,11.0057115,2025-09-18 09:27:00
1758187680000,0.097804,0.097804,0.097748,0.097748,10.950968,2025-09-18 09:28:00
1758187740000,0.097749,0.09776,0.097567,0.097632,3957.5883761904006,2025-09-18 09:29:00
1758187800000,0.097553,0.097621,0.097553,0.097621,10.929676,2025-09-18 09:30:00
1758187860000,0.097538,0.097545,0.097538,0.097545,11.168486,2025-09-18 09:31:00
1758187920000,0.097476,0.097534,0.097476,0.097534,10.774288,2025-09-18 09:32:00
1758187980000,0.097455,0.097455,0.097406,0.097406,11.253235,2025-09-18 09:33:00
1758188040000,0.097444,0.097444,0.097405,0.097405,10.862861,2025-09-18 09:34:00
1758188100000,0.097463,0.09755,0.097463,0.09755,11.067053,2025-09-18 09:35:00
1758188160000,0.097559,0.097559,0.097535,0.097535,11.120394,2025-09-18 09:36:00
1758188220000,0.097525,0.097525,0.097515,0.097515,11.117265,2025-09-18 09:37:00
1758188280000,0.097544,0.097544,0.097523,0.097523,11.3626475,2025-09-18 09:38:00
1758188340000,0.097501,0.097501,0.097452,0.097452,11.307225,2025-09-18 09:39:00
1758188400000,0.097461,0.097461,0.097431,0.097431,10.8652365,2025-09-18 09:40:00
1758188460000,0.097469,0.097469,0.097439,0.097439,11.20721,2025-09-18 09:41:00
1758188520000,0.097351,0.097351,0.097351,0.097351,5.7923845,2025-09-18 09:42:00
1758188580000,0.097395,0.097395,0.097395,0.097395,5.6595279619941,2025-09-18 09:43:00
1758188640000,0.097395,0.097463,0.097395,0.097463,11.2530665,2025-09-18 09:44:00
1758188700000,0.097453,0.097453,0.097453,0.097453,11.207095,2025-09-18 09:45:00
1758188760000,0.097404,0.097423,0.097404,0.097423,11.2999945,2025-09-18 09:46:00
1758188820000,0.097366,0.097424,0.097366,0.097424,10.90824,2025-09-18 09:47:00
1758188880000,0.097443,0.097443,0.097394,0.097394,11.1543325,2025-09-18 09:48:00
1758188940000,0.097452,0.097452,0.097442,0.097442,11.157664,2025-09-18 09:49:00
1758189000000,0.097432,0.097432,0.097402,0.097402,11.20294,2025-09-18 09:50:00
1758189060000,0.09746,0.097537,0.09746,0.097537,11.2610575,2025-09-18 09:51:00
1758189120000,0.097529,0.097529,0.097519,0.097519,11.312779,2025-09-18 09:52:00
1758189180000,0.097538,0.097538,0.097489,0.097489,11.360335,2025-09-18 09:53:00
1758189240000,0.09744,0.09744,0.097352,0.097352,11.1031,2025-09-18 09:54:00
1758189300000,0.09741,0.09741,0.09741,0.09741,5.698485,2025-09-18 09:55:00
1758189360000,0.097348,0.09739,0.097348,0.09739,35.19027058601444,2025-09-18 09:56:00
1758189420000,0.097428,0.097495,0.097428,0.097459,271.1114343346106,2025-09-18 09:57:00
1758189480000,0.097457,0.097457,0.097457,0.097457,11.0613695,2025-09-18 09:58:00
1758189540000,0.097369,0.097427,0.097369,0.097427,11.2494255,2025-09-18 09:59:00
1758189600000,0.097475,0.097475,0.097475,0.097475,11.3071,2025-09-18 10:00:00
1758189660000,0.097455,0.097455,0.097435,0.097435,10.7676775,2025-09-18 10:01:00
1758189720000,0.097366,0.097366,0.097307,0.097307,11.193668,2025-09-18 10:02:00
1758189780000,0.097375,0.097375,0.097326,0.097326,10.757218,2025-09-18 10:03:00
1758189840000,0.097306,0.097306,0.097228,0.097228,11.380278,2025-09-18 10:04:00
1758189900000,0.097189,0.097189,0.097162,0.097162,11.07798,2025-09-18 10:05:00
1758189960000,0.097167,0.097175,0.097167,0.097175,10.8345725,2025-09-18 10:06:00
1758190020000,0.097184,0.097232,0.097184,0.097232,11.081736,2025-09-18 10:07:00
1758190080000,0.097319,0.097338,0.097319,0.097338,10.998149,2025-09-18 10:08:00
1758190140000,0.09737,0.09737,0.097352,0.097352,11.099145,2025-09-18 10:09:00
1758190200000,0.097317,0.097317,0.097202,0.097202,4324.480120975439,2025-09-18 10:10:00
1758190260000,0.097273,0.097273,0.097241,0.097241,7521.584787411921,2025-09-18 10:11:00
1758190320000,0.097258,0.097258,0.097251,0.097251,10.989748,2025-09-18 10:12:00
1758190380000,0.09724,0.09724,0.09721,0.09721,11.180815,2025-09-18 10:13:00
1758190440000,0.097151,0.097183,0.097151,0.097183,11.174173,2025-09-18 10:14:00
1758190500000,0.097181,0.097249,0.097181,0.097249,11.0338855,2025-09-18 10:15:00
1758190560000,0.097326,0.097326,0.097231,0.097231,11.2355005,2025-09-18 10:16:00
1758190620000,0.097156,0.097156,0.097148,0.097148,11.172488,2025-09-18 10:17:00
1758190680000,0.097137,0.097137,0.097126,0.097126,11.4615115,2025-09-18 10:18:00
1758190740000,0.097116,0.097116,0.097113,0.097113,11.2167195,2025-09-18 10:19:00
1758190800000,0.09718,0.09718,0.09718,0.09718,11.02993,2025-09-18 10:20:00
1758190860000,0.097243,0.097243,0.097168,0.097168,11.081427,2025-09-18 10:21:00
1758190920000,0.097109,0.097119,0.097109,0.097119,10.68254,2025-09-18 10:22:00
1758190980000,0.097019,0.097019,0.097019,0.097019,5.54533691608533,2025-09-18 10:23:00
1758191040000,0.096931,0.096931,0.096882,0.096882,11.2411295,2025-09-18 10:24:00
1758191100000,0.09693,0.09693,0.096871,0.096871,11.1436755,2025-09-18 10:25:00
1758191160000,0.096851,0.0969,0.096851,0.0969,10.9953815,2025-09-18 10:26:00
1758191220000,0.096877,0.096877,0.096818,0.096818,10.701634,2025-09-18 10:27:00
1758191280000,0.09673,0.096739,0.09673,0.096739,11.5114055,2025-09-18 10:28:00
1758191340000,0.096719,0.096719,0.096719,0.096719,10.9776065,2025-09-18 10:29:00
1758191400000,0.096757,0.096757,0.096757,0.096757,11.3689475,2025-09-18 10:30:00
1758191460000,0.096834,0.096892,0.096834,0.096892,11.139129,2025-09-18 10:31:00
1758191520000,0.09694,0.096966,0.09694,0.096966,11.391958,2025-09-18 10:32:00
1758191580000,0.096956,0.096957,0.096956,0.096957,11.1499965,2025-09-18 10:33:00
1758191640000,0.097015,0.097024,0.097015,0.097024,11.399798,2025-09-18 10:34:00
1758191700000,0.097053,0.097053,0.097023,0.097023,11.3049195,2025-09-18 10:35:00
1758191760000,0.096984,0.096984,0.096974,0.096974,11.443522,2025-09-18 10:36:00
1758191820000,0.096915,0.096915,0.096843,0.096843,10.850412,2025-09-18 10:37:00
1758191880000,0.096872,0.09691,0.096872,0.09691,11.045593,2025-09-18 10:38:00
1758191940000,0.0969,0.096977,0.0969,0.096977,11.487193,2025-09-18 10:39:00
1758192000000,0.096986,0.097053,0.096986,0.097053,11.302755,2025-09-18 10:40:00
1758192060000,0.097072,0.097149,0.097072,0.097149,11.2649335,2025-09-18 10:41:00
1758192120000,0.09709,0.097148,0.09709,0.097148,10.877299,2025-09-18 10:42:00
1758192180000,0.09707,0.09707,0.09705,0.09705,11.016295,2025-09-18 10:43:00
1758192240000,0.09705,0.09705,0.097011,0.097011,11.206974,2025-09-18 10:44:00
1758192300000,0.096972,0.096972,0.096913,0.096913,11.1483875,2025-09-18 10:45:00
1758192360000,0.096961,0.096961,0.096961,0.096961,11.2959565,2025-09-18 10:46:00
1758192420000,0.09697,0.09697,0.096715,0.096746,1367.5544702327895,2025-09-18 10:47:00
1758192480000,0.096775,0.096794,0.096775,0.096794,11.178643,2025-09-18 10:48:00
1758192540000,0.096802,0.096837,0.096802,0.096837,10.698546,2025-09-18 10:49:00
1758192600000,0.096848,0.096935,0.096848,0.096935,11.1426965,2025-09-18 10:50:00
1758192660000,0.096886,0.096915,0.096886,0.096915,10.901328,2025-09-18 10:51:00
1758192720000,0.096915,0.096915,0.096905,0.096905,11.144645,2025-09-18 10:52:00
1758192780000,0.096905,0.096953,0.096905,0.096953,11.0984785,2025-09-18 10:53:00
1758192840000,0.096875,0.096933,0.096875,0.096933,11.046969,2025-09-18 10:54:00
1758192900000,0.096981,0.097007,0.096981,0.097007,11.154271,2025-09-18 10:55:00
1758192960000,0.096989,0.096989,0.09693,0.09693,11.053501,2025-09-18 10:56:00
1758193020000,0.096881,0.096881,0.096851,0.096851,10.8974025,2025-09-18 10:57:00
1758193080000,0.096821,0.096821,0.096743,0.096743,11.420315,2025-09-18 10:58:00
1758193140000,0.096791,0.096868,0.096791,0.096868,10.748113,2025-09-18 10:59:00
1758193200000,0.096916,0.096916,0.096838,0.096838,10.753308,2025-09-18 11:00:00
1758193260000,0.096876,0.096876,0.09685,0.09685,11.139271,2025-09-18 11:01:00
1758193320000,0.096908,0.096946,0.096908,0.096946,11.146529,2025-09-18 11:02:00
1758193380000,0.096994,0.096994,0.096955,0.096955,11.1035315,2025-09-18 11:03:00
1758193440000,0.096877,0.096877,0.096842,0.096842,11.0903515,2025-09-18 11:04:00
1758193500000,0.096842,0.096842,0.096803,0.096803,11.3766535,2025-09-18 11:05:00
1758193560000,0.096834,0.096882,0.096834,0.096882,11.138622,2025-09-18 11:06:00
1758193620000,0.096814,0.096815,0.096814,0.096815,11.182075,2025-09-18 11:07:00
1758193680000,0.096902,0.096989,0.096902,0.096989,11.3427105,2025-09-18 11:08:00
1758193740000,0.096979,0.096979,0.096969,0.096969,11.055036,2025-09-18 11:09:00
1758193800000,0.096891,0.096891,0.096861,0.096861,11.0923095,2025-09-18 11:10:00
1758193860000,0.096822,0.096822,0.096802,0.096802,11.181791,2025-09-18 11:11:00
1758193920000,0.09686,0.09686,0.096782,0.096782,11.134298,2025-09-18 11:12:00
1758193980000,0.096723,0.096723,0.096723,0.096723,11.123145,2025-09-18 11:13:00
1758194040000,0.096722,0.096722,0.096722,0.096722,11.12303,2025-09-18 11:14:00
1758194100000,0.096702,0.096722,0.096702,0.096722,11.218572,2025-09-18 11:15:00
1758194160000,0.096723,0.096826,0.096723,0.096826,131.311412,2025-09-18 11:16:00
1758194220000,0.096836,0.096843,0.096836,0.096843,10.846031,2025-09-18 11:17:00
1758194280000,0.096847,0.096861,0.096847,0.096861,11.428765,2025-09-18 11:18:00
1758194340000,0.096829,0.096877,0.096829,0.096877,11.2833385,2025-09-18 11:19:00
1758194400000,0.096886,0.096895,0.096886,0.096895,11.093951,2025-09-18 11:20:00
1758194460000,0.096924,0.096924,0.096875,0.096875,11.3856545,2025-09-18 11:21:00
1758194520000,0.096923,0.096923,0.096923,0.096923,5.6699955,2025-09-18 11:22:00
1758194580000,0.09699,0.09699,0.096912,0.096989,16.629088,2025-09-18 11:23:00
1758194640000,0.097008,0.097008,0.096959,0.096959,11.29859,2025-09-18 11:24:00
1758194700000,0.097038,0.097038,0.097038,0.097038,5.628204,2025-09-18 11:25:00
1758194760000,0.09699,0.09699,0.096965,0.096965,16.6318275,2025-09-18 11:26:00
1758194820000,0.096916,0.096955,0.096916,0.096955,11.050725,2025-09-18 11:27:00
1758194880000,0.096955,0.096955,0.096953,0.096953,11.440572,2025-09-18 11:28:00
1758194940000,0.096947,0.096947,0.096947,0.096947,5.6713995,2025-09-18 11:29:00
1758195000000,0.096947,0.096987,0.096919,0.096919,16.7241835,2025-09-18 11:30:00
1758195060000,0.096928,0.096928,0.096928,0.096928,5.718752,2025-09-18 11:31:00
1758195120000,0.096889,0.096889,0.09684,0.09684,11.4784555,2025-09-18 11:32:00
1758195180000,0.096867,0.0969,0.096867,0.0969,11.141652,2025-09-18 11:33:00
1758195240000,0.096905,0.096914,0.096905,0.096914,11.1930405,2025-09-18 11:34:00
1758195300000,0.096886,0.096934,0.096886,0.096934,11.193165,2025-09-18 11:35:00
1758195360000,0.096955,0.096974,0.096955,0.096974,11.0539245,2025-09-18 11:36:00
1758195420000,0.096962,0.096962,0.096962,0.096962,11.199111,2025-09-18 11:37:00
1758195480000,0.096963,0.096963,0.096963,0.096963,10.859856,2025-09-18 11:38:00
1758195540000,0.096967,0.097015,0.096967,0.097015,11.444914,2025-09-18 11:39:00
1758195600000,0.096986,0.097053,0.096986,0.097053,10.963103,2025-09-18 11:40:00
1758195660000,0.097014,0.097033,0.097014,0.097033,10.963627,2025-09-18 11:41:00
1758195720000,0.09712,0.097159,0.09712,0.097159,11.1225215,2025-09-18 11:42:00
1758195780000,0.097155,0.097155,0.097151,0.097151,10.881134,2025-09-18 11:43:00
1758195840000,0.097073,0.097111,0.097073,0.097111,10.9228785,2025-09-18 11:44:00
1758195900000,0.097081,0.097101,0.097081,0.097101,11.1169545,2025-09-18 11:45:00
1758195960000,0.097092,0.097092,0.097086,0.097086,11.553591,2025-09-18 11:46:00
1758196020000,0.097018,0.097018,0.096959,0.096959,11.105198,2025-09-18 11:47:00
1758196080000,0.09696,0.09696,0.09696,0.09696,11.34432,2025-09-18 11:48:00
1758196140000,0.097008,0.097053,0.096959,0.096994,506.16034190019946,2025-09-18 11:49:00
1758196200000,0.09696,0.09696,0.09696,0.09696,5.38128,2025-09-18 11:50:00
1758196260000,0.097037,0.097041,0.097037,0.097041,11.3050405,2025-09-18 11:51:00
1758196320000,0.097037,0.097037,0.097035,0.097035,10.770996,2025-09-18 11:52:00
1758196380000,0.097031,0.097031,0.096963,0.096963,11.2031365,2025-09-18 11:53:00
1758196440000,0.09696,0.09696,0.09696,0.09696,11.1504,2025-09-18 11:54:00
1758196500000,0.09696,0.096989,0.09696,0.096989,10.861115,2025-09-18 11:55:00
1758196560000,0.097008,0.097008,0.097008,0.097008,11.204424,2025-09-18 11:56:00
1758196620000,0.09696,0.096998,0.09696,0.096998,10.861629,2025-09-18 11:57:00
1758196680000,0.097041,0.097041,0.097038,0.097038,11.0625075,2025-09-18 11:58:00
1758196740000,0.097067,0.097067,0.097037,0.097037,11.2094535,2025-09-18 11:59:00
1758196800000,0.097017,0.097084,0.097017,0.097084,11.451959,2025-09-18 12:00:00
1758196860000,0.096996,0.096996,0.096986,0.096986,11.202458,2025-09-18 12:01:00
1758196920000,0.097063,0.097101,0.097063,0.097101,11.0187595,2025-09-18 12:02:00
1758196980000,0.097013,0.097013,0.09696,0.09696,10.765528,2025-09-18 12:03:00
1758197040000,0.09696,0.096969,0.09696,0.096969,11.102433,2025-09-18 12:04:00
1758197100000,0.09696,0.09696,0.09696,0.09696,11.05344,2025-09-18 12:05:00
1758197160000,0.096979,0.097017,0.096979,0.097017,11.154789,2025-09-18 12:06:00
1758197220000,0.096997,0.096997,0.09696,0.09696,11.0070875,2025-09-18 12:07:00
1758197280000,0.097018,0.097018,0.097008,0.097008,11.253493,2025-09-18 12:08:00
1758197340000,0.097037,0.097085,0.097037,0.097085,10.870832,2025-09-18 12:09:00
1758197400000,0.097104,0.097104,0.096959,0.096959,11.76406459032705,2025-09-18 12:10:00
1758197460000,0.097036,0.097036,0.097036,0.097036,10.91655,2025-09-18 12:11:00
1758197520000,0.097016,0.097016,0.096986,0.096986,10.864127,2025-09-18 12:12:00
1758197580000,0.097044,0.097072,0.096839,0.096839,2005.1079107269497,2025-09-18 12:13:00
1758197640000,0.096858,0.096893,0.096858,0.096893,10.850021,2025-09-18 12:14:00
1758197700000,0.096935,0.097186,0.096935,0.097015,4000.236087740769,2025-09-18 12:15:00
1758197760000,0.097082,0.097093,0.097082,0.097093,11.0194285,2025-09-18 12:16:00
1758197820000,0.097093,0.097093,0.097093,0.097093,10.874416,2025-09-18 12:17:00
1758197880000,0.097141,0.097141,0.097114,0.097123,354.5251946685852,2025-09-18 12:18:00
1758197940000,0.097123,0.097123,0.097029,0.09704,1893.4666970922913,2025-09-18 12:19:00
1758198000000,0.097036,0.097052,0.097036,0.097052,10.91747,2025-09-18 12:20:00
1758198060000,0.0971,0.097413,0.0971,0.097413,1504.4513809981813,2025-09-18 12:21:00
1758198120000,0.097413,0.097413,0.097413,0.097413,11.3486145,2025-09-18 12:22:00
1758198180000,0.097413,0.097451,0.097413,0.097451,11.009759,2025-09-18 12:23:00
1758198240000,0.097528,0.097528,0.097479,0.097479,10.969107,2025-09-18 12:24:00
1758198300000,0.097391,0.097391,0.097381,0.097381,11.0532935,2025-09-18 12:25:00
1758198360000,0.097429,0.097448,0.097429,0.097448,10.913093,2025-09-18 12:26:00
1758198420000,0.097506,0.097506,0.097506,0.097506,11.066931,2025-09-18 12:27:00
1758198480000,0.097535,0.097535,0.097447,0.097447,10.72401,2025-09-18 12:28:00
1758198540000,0.097515,0.097534,0.097515,0.097534,11.3128325,2025-09-18 12:29:00
1758198600000,0.097553,0.097553,0.097545,0.097545,11.0718175,2025-09-18 12:30:00
1758198660000,0.097541,0.097541,0.097237,0.097275,710.4013726976423,2025-09-18 12:31:00
1758198720000,0.097246,0.097323,0.097246,0.097293,1264.6168050044369,2025-09-18 12:32:00
1758198780000,0.097293,0.097361,0.097293,0.097361,10.9492365,2025-09-18 12:33:00
1758198840000,0.097419,0.097451,0.097419,0.097451,11.399927,2025-09-18 12:34:00
1758198900000,0.097412,0.097412,0.097385,0.097385,10.908605,2025-09-18 12:35:00
1758198960000,0.097381,0.097381,0.097351,0.097351,11.391852,2025-09-18 12:36:00
1758199020000,0.097331,0.097331,0.097321,0.097321,10.9491725,2025-09-18 12:37:00
1758199080000,0.097321,0.097321,0.097252,0.097252,10.9446795,2025-09-18 12:38:00
1758199140000,0.0973,0.0973,0.097261,0.097261,11.2845965,2025-09-18 12:39:00
1758199200000,0.097251,0.097251,0.097251,0.097251,11.0379885,2025-09-18 12:40:00
1758199260000,0.097328,0.097328,0.097328,0.097328,10.852072,2025-09-18 12:41:00
1758199320000,0.097396,0.097444,0.097396,0.097444,10.862294,2025-09-18 12:42:00
1758199380000,0.097405,0.097405,0.097375,0.097375,10.9563675,2025-09-18 12:43:00
1758199440000,0.097433,0.097433,0.097374,0.097374,11.250178,2025-09-18 12:44:00
1758199500000,0.097335,0.097373,0.097335,0.097373,10.8549425,2025-09-18 12:45:00
1758199560000,0.097373,0.09745,0.097373,0.09745,11.05634,2025-09-18 12:46:00
1758199620000,0.097527,0.097527,0.097356,0.097356,1258.0593131756004,2025-09-18 12:47:00
1758199680000,0.097443,0.097443,0.097355,0.097355,11.590481,2025-09-18 12:48:00
1758199740000,0.097442,0.097475,0.097442,0.097475,11.158924,2025-09-18 12:49:00
1758199800000,0.097471,0.097471,0.097468,0.097468,10.8191145,2025-09-18 12:50:00
1758199860000,0.097438,0.097438,0.097389,0.097389,11.153907,2025-09-18 12:51:00
1758199920000,0.09732,0.097388,0.09732,0.097388,11.09839,2025-09-18 12:52:00
1758199980000,0.097414,0.097414,0.097384,0.097384,11.298314,2025-09-18 12:53:00
1758200040000,0.097398,0.097398,0.097378,0.097378,11.248279,2025-09-18 12:54:00
1758200100000,0.0973,0.0973,0.09728,0.09728,10.94515,2025-09-18 12:55:00
1758200160000,0.09728,0.09728,0.09728,0.09728,11.23584,2025-09-18 12:56:00
1758200220000,0.097241,0.097241,0.097241,0.097241,10.988233,2025-09-18 12:57:00
1758200280000,0.097241,0.097289,0.097241,0.097289,11.2340955,2025-09-18 12:58:00
1758200340000,0.097223,0.097227,0.097223,0.097227,11.083652,2025-09-18 12:59:00
1758200400000,0.097229,0.097287,0.097229,0.097287,10.8442525,2025-09-18 13:00:00
1758200460000,0.097257,0.097266,0.097257,0.097266,11.282325,2025-09-18 13:01:00
1758200520000,0.097343,0.097343,0.097313,0.097313,11.4360475,2025-09-18 13:02:00
1758200580000,0.09739,0.09739,0.09739,0.09739,11.248545,2025-09-18 13:03:00
1758200640000,0.097419,0.097438,0.097419,0.097438,10.9119825,2025-09-18 13:04:00
1758200700000,0.097418,0.097418,0.097418,0.097418,11.154361,2025-09-18 13:05:00
1758200760000,0.097407,0.097407,0.0973,0.0973,255.45856708866057,2025-09-18 13:06:00
1758200820000,0.097368,0.097368,0.097368,0.097368,11.148636,2025-09-18 13:07:00
1758200880000,0.097377,0.097386,0.097377,0.097386,11.1988905,2025-09-18 13:08:00
1758200940000,0.097434,0.097521,0.097434,0.097521,11.0638485,2025-09-18 13:09:00
1758201000000,0.097608,0.097608,0.097608,0.097608,11.029704,2025-09-18 13:10:00
1758201060000,0.097568,0.097616,0.097568,0.097616,10.832712,2025-09-18 13:11:00
1758201120000,0.097616,0.097625,0.097616,0.097625,11.079938,2025-09-18 13:12:00
1758201180000,0.097615,0.097644,0.097615,0.097644,11.178585,2025-09-18 13:13:00
1758201240000,0.097595,0.097595,0.097526,0.097526,10.7804525,2025-09-18 13:14:00
1758201300000,0.097604,0.097604,0.097555,0.097555,11.2217405,2025-09-18 13:15:00
1758201360000,0.097603,0.097603,0.097593,0.097593,11.321378,2025-09-18 13:16:00
1758201420000,0.09768,0.097689,0.09768,0.097689,11.5267755,2025-09-18 13:17:00
1758201480000,0.097689,0.097757,0.097689,0.097757,11.238043,2025-09-18 13:18:00
1758201540000,0.097776,0.097795,0.097776,0.097795,11.343118,2025-09-18 13:19:00
1758201600000,0.097808,0.097808,0.0978,0.0978,11.19856,2025-09-18 13:20:00
1758201660000,0.097798,0.097798,0.097758,0.097758,11.586703,2025-09-18 13:21:00
1758201720000,0.097748,0.097748,0.097669,0.097669,10.992305,2025-09-18 13:22:00
1758201780000,0.097649,0.097649,0.097619,0.097619,11.1790405,2025-09-18 13:23:00
1758201840000,0.097638,0.097638,0.09755,0.09755,11.028078,2025-09-18 13:24:00
1758201900000,0.09755,0.097667,0.09755,0.097667,231.7887541017374,2025-09-18 13:25:00
1758201960000,0.097665,0.097665,0.097663,0.097663,10.840703,2025-09-18 13:26:00
1758202020000,0.097623,0.097623,0.097551,0.097551,11.124774,2025-09-18 13:27:00
1758202080000,0.097551,0.097551,0.097551,0.097551,10.9744875,2025-09-18 13:28:00
1758202140000,0.097629,0.097629,0.097599,0.097599,11.1767955,2025-09-18 13:29:00
1758202200000,0.09755,0.09755,0.09751,0.09751,11.3933549977975,2025-09-18 13:30:00
1758202260000,0.097568,0.097568,0.097568,0.097568,11.561808,2025-09-18 13:31:00
1758202320000,0.097655,0.097664,0.097655,0.097664,11.27967,2025-09-18 13:32:00
1758202380000,0.097732,0.097732,0.097712,0.097712,11.335772,2025-09-18 13:33:00
1758202440000,0.09778,0.097838,0.09778,0.097838,11.345931,2025-09-18 13:34:00
1758202500000,0.097769,0.097827,0.097769,0.097827,11.1980015,2025-09-18 13:35:00
1758202560000,0.097827,0.097827,0.097827,0.097827,11.152278,2025-09-18 13:36:00
1758202620000,0.097797,0.097865,0.097797,0.097865,11.641889,2025-09-18 13:37:00
1758202680000,0.097913,0.097913,0.097913,0.097913,11.1131255,2025-09-18 13:38:00
1758202740000,0.097854,0.097854,0.097775,0.097775,11.0530385,2025-09-18 13:39:00
1758202800000,0.097765,0.097765,0.097677,0.097677,10.847075,2025-09-18 13:40:00
1758202860000,0.097716,0.097755,0.097716,0.097755,11.092911,2025-09-18 13:41:00
1758202920000,0.097743,0.097743,0.097656,0.097704,275.4398545703174,2025-09-18 13:42:00
1758202980000,0.097675,0.097675,0.097583,0.097583,244.34080063789324,2025-09-18 13:43:00
1758203040000,0.097541,0.097541,0.097474,0.097474,11.2620325,2025-09-18 13:44:00
1758203100000,0.097409,0.097409,0.097336,0.097336,10.808384,2025-09-18 13:45:00
1758203160000,0.097281,0.097281,0.097193,0.097193,11.47401,2025-09-18 13:46:00
1758203220000,0.097165,0.097174,0.097165,0.097174,11.0287225,2025-09-18 13:47:00
1758203280000,0.097193,0.097241,0.097193,0.097241,11.3257925,2025-09-18 13:48:00
1758203340000,0.097281,0.097445,0.097281,0.097439,4583.464693559939,2025-09-18 13:49:00
1758203400000,0.097444,0.097646,0.097356,0.097646,50043.7372315719,2025-09-18 13:50:00
1758203460000,0.097655,0.097694,0.097655,0.097694,11.2325675,2025-09-18 13:51:00
1758203520000,0.097694,0.097694,0.097645,0.097645,10.841339,2025-09-18 13:52:00
1758203580000,0.097679,0.097679,0.097639,0.097639,11.3772435,2025-09-18 13:53:00
1758203640000,0.09763,0.09763,0.097585,0.097585,11.5176625,2025-09-18 13:54:00
1758203700000,0.097527,0.097527,0.097489,0.097489,11.1645805,2025-09-18 13:55:00
1758203760000,0.09745,0.09745,0.097381,0.097381,10.86188,2025-09-18 13:56:00
1758203820000,0.097361,0.097409,0.097361,0.097409,11.199203,2025-09-18 13:57:00
1758203880000,0.097477,0.097496,0.097477,0.097496,11.0159935,2025-09-18 13:58:00
1758203940000,0.097515,0.097544,0.097515,0.097544,11.06962,2025-09-18 13:59:00
1758204000000,0.097534,0.097596,0.097534,0.097596,10.976047,2025-09-18 14:00:00
1758204060000,0.097645,0.097713,0.097645,0.097713,10.74469,2025-09-18 14:01:00
1758204120000,0.097722,0.097809,0.097722,0.097809,10.9008315,2025-09-18 14:02:00
1758204180000,0.097818,0.097857,0.097818,0.097857,11.3980785,2025-09-18 14:03:00
1758204240000,0.097905,0.097983,0.097905,0.097983,11.6063835,2025-09-18 14:04:00
1758204300000,0.098061,0.098061,0.098034,0.098034,11.5696185,2025-09-18 14:05:00
1758204360000,0.098022,0.098484,0.098022,0.098478,1505.2475113758276,2025-09-18 14:06:00
1758204420000,0.098384,0.098384,0.098305,0.098305,11.2603465,2025-09-18 14:07:00
1758204480000,0.098225,0.098225,0.098194,0.098194,11.5887365,2025-09-18 14:08:00
1758204540000,0.098146,0.098146,0.098135,0.098135,10.844528,2025-09-18 14:09:00
1758204600000,0.098118,0.098118,0.098118,0.098118,11.234511,2025-09-18 14:10:00
1758204660000,0.098112,0.098112,0.098105,0.098105,11.086271,2025-09-18 14:11:00
1758204720000,0.098095,0.098095,0.098078,0.098078,11.6232545,2025-09-18 14:12:00
1758204780000,0.098156,0.098212,0.098156,0.098212,11.143954,2025-09-18 14:13:00
1758204840000,0.098169,0.098169,0.098142,0.098142,11.533278,2025-09-18 14:14:00
1758204900000,0.098114,0.098114,0.098089,0.098089,105.02595204203669,2025-09-18 14:15:00
1758204960000,0.098128,0.098196,0.098128,0.098196,10.895982,2025-09-18 14:16:00
1758205020000,0.098196,0.098215,0.098196,0.098215,10.802605,2025-09-18 14:17:00
1758205080000,0.098156,0.098244,0.098156,0.098244,11.341946,2025-09-18 14:18:00
1758205140000,0.098332,0.098351,0.098332,0.098351,11.407633,2025-09-18 14:19:00
1758205200000,0.098351,0.09837,0.098351,0.09837,10.9180155,2025-09-18 14:20:00
1758205260000,0.098409,0.098409,0.098349,0.098349,10.920069,2025-09-18 14:21:00
1758205320000,0.098319,0.098407,0.098319,0.098407,11.508471,2025-09-18 14:22:00
1758205380000,0.098457,0.098549,0.098457,0.098546,528.6448608306775,2025-09-18 14:23:00
1758205440000,0.098512,0.098512,0.098493,0.098493,11.574039,2025-09-18 14:24:00
1758205500000,0.098561,0.098561,0.098561,0.098561,11.1866735,2025-09-18 14:25:00
1758205560000,0.0986,0.098648,0.0986,0.098648,10.89794,2025-09-18 14:26:00
1758205620000,0.098592,0.098592,0.098546,0.098546,10.941182,2025-09-18 14:27:00
1758205680000,0.098495,0.098495,0.098433,0.098433,11.323391,2025-09-18 14:28:00
1758205740000,0.098397,0.098397,0.098391,0.098391,10.8725355,2025-09-18 14:29:00
1758205800000,0.0984,0.0984,0.09835,0.09835,11.559025,2025-09-18 14:30:00
1758205860000,0.098409,0.098487,0.098409,0.098487,11.026254,2025-09-18 14:31:00
1758205920000,0.098526,0.098528,0.098526,0.098528,11.37987,2025-09-18 14:32:00
1758205980000,0.098439,0.098439,0.098439,0.098439,11.1728265,2025-09-18 14:33:00
1758206040000,0.098427,0.098427,0.098348,0.098348,11.0194395,2025-09-18 14:34:00
1758206100000,0.098338,0.098368,0.098338,0.098368,11.212272,2025-09-18 14:35:00
1758206160000,0.098318,0.098318,0.098288,0.098288,11.255641,2025-09-18 14:36:00
1758206220000,0.098376,0.098376,0.098248,0.098248,11.207696,2025-09-18 14:37:00
1758206280000,0.098209,0.098209,0.098209,0.098209,5.5488085,2025-09-18 14:38:00
1758206340000,0.098195,0.098195,0.098176,0.098176,16.8387595,2025-09-18 14:39:00
1758206400000,0.098264,0.098273,0.098264,0.098273,10.809535,2025-09-18 14:40:00
1758206460000,0.098194,0.098194,0.098194,0.098194,11.095922,2025-09-18 14:41:00
1758206520000,0.098233,0.098301,0.098233,0.098301,11.2516565,2025-09-18 14:42:00
1758206580000,0.098271,0.098274,0.098271,0.098274,11.4487425,2025-09-18 14:43:00
1758206640000,0.098221,0.098221,0.098176,0.098176,11.489247,2025-09-18 14:44:00
1758206700000,0.098264,0.098273,0.098264,0.098273,11.595683,2025-09-18 14:45:00
1758206760000,0.098297,0.098297,0.098275,0.098275,11.2537195,2025-09-18 14:46:00
1758206820000,0.098251,0.098251,0.098244,0.098244,11.3475985,2025-09-18 14:47:00
1758206880000,0.098185,0.098185,0.098185,0.098185,5.69473,2025-09-18 14:48:00
1758206940000,0.098116,0.098135,0.098116,0.098135,11.5297605,2025-09-18 14:49:00
1758207000000,0.098146,0.098146,0.098111,0.098111,11.3338155,2025-09-18 14:50:00
1758207060000,0.09808,0.09808,0.098001,0.098001,11.029497,2025-09-18 14:51:00
1758207120000,0.09803,0.098117,0.09803,0.098117,16.9158735,2025-09-18 14:52:00
1758207180000,0.098136,0.098136,0.098136,0.098136,5.839092,2025-09-18 14:53:00
1758207240000,0.098204,0.098204,0.098181,0.098181,16.938856,2025-09-18 14:54:00
1758207300000,0.098113,0.098113,0.098113,0.098113,5.5433845,2025-09-18 14:55:00
1758207360000,0.098095,0.098144,0.098095,0.098134,16.975436,2025-09-18 14:56:00
1758207420000,0.098084,0.098084,0.098084,0.098084,5.541746,2025-09-18 14:57:00
1758207480000,0.098162,0.098188,0.098162,0.098188,10.897412,2025-09-18 14:58:00
1758207540000,0.098244,0.098244,0.098244,0.098244,10.954206,2025-09-18 14:59:00
1758207600000,0.098293,0.098293,0.098293,0.098293,11.6477205,2025-09-18 15:00:00
1758207660000,0.09828,0.09828,0.098254,0.098254,11.349858,2025-09-18 15:01:00
1758207720000,0.098249,0.098278,0.098249,0.098278,11.349485,2025-09-18 15:02:00
1758207780000,0.098287,0.098296,0.098287,0.098296,10.9103565,2025-09-18 15:03:00
1758207840000,0.098374,0.098393,0.098374,0.098393,11.0681295,2025-09-18 15:04:00
1758207900000,0.098415,0.098415,0.098336,0.098336,10.968888,2025-09-18 15:05:00
1758207960000,0.098415,0.098415,0.098387,0.098387,10.9717185,2025-09-18 15:06:00
1758208020000,0.098298,0.098324,0.098298,0.098324,11.453264,2025-09-18 15:07:00
1758208080000,0.098302,0.098351,0.098302,0.098351,11.3074495,2025-09-18 15:08:00
1758208140000,0.098363,0.098363,0.098291,0.098291,11.111059,2025-09-18 15:09:00
1758208200000,0.098254,0.098254,0.09825,0.09825,11.249853,2025-09-18 15:10:00
1758208260000,0.098279,0.098347,0.098279,0.098347,11.1586445,2025-09-18 15:11:00
1758208320000,0.098386,0.098386,0.098385,0.098385,11.2159485,2025-09-18 15:12:00
1758208380000,0.098316,0.098316,0.097855,0.097903,125.60783033863392,2025-09-18 15:13:00
1758208440000,0.097922,0.097941,0.09742,0.097497,157.276072525,2025-09-18 15:14:00
1758208500000,0.097578,0.097578,0.097578,0.097578,5.659524,2025-09-18 15:15:00
1758208560000,0.097639,0.097681,0.097639,0.097681,11.230816,2025-09-18 15:16:00
1758208620000,0.097739,0.097768,0.097739,0.097768,11.046189,2025-09-18 15:17:00
1758208680000,0.097777,0.097855,0.097777,0.097855,11.1020965,2025-09-18 15:18:00
1758208740000,0.097923,0.097971,0.097923,0.097971,11.3128185,2025-09-18 15:19:00
1758208800000,0.098019,0.09834,0.098019,0.098309,470.7485914388955,2025-09-18 15:20:00
1758208860000,0.098309,0.098309,0.09828,0.09828,11.254713,2025-09-18 15:21:00
1758208920000,0.098251,0.098251,0.098214,0.098214,11.1984495,2025-09-18 15:22:00
1758208980000,0.098152,0.098152,0.098081,0.098081,11.234357,2025-09-18 15:23:00
1758209040000,0.098053,0.098092,0.098053,0.098092,11.3273445,2025-09-18 15:24:00
1758209100000,0.098135,0.098135,0.098083,0.098083,11.1844,2025-09-18 15:25:00
1758209160000,0.098054,0.098112,0.098054,0.098112,11.08335,2025-09-18 15:26:00
1758209220000,0.098151,0.09818,0.098151,0.09818,11.2890325,2025-09-18 15:27:00
1758209280000,0.09818,0.09818,0.098073,0.098073,11.2352435,2025-09-18 15:28:00
1758209340000,0.097993,0.097993,0.097945,0.097945,11.560318,2025-09-18 15:29:00
1758209400000,0.097883,0.097883,0.097873,0.097873,11.4027995,2025-09-18 15:30:00
1758209460000,0.097937,0.097946,0.097937,0.097946,11.4101915,2025-09-18 15:31:00
1758209520000,0.098034,0.098092,0.098034,0.098092,11.179124,2025-09-18 15:32:00
1758209580000,0.09807,0.09807,0.098062,0.098062,11.424699,2025-09-18 15:33:00
1758209640000,0.098055,0.098055,0.098018,0.098018,11.6173345,2025-09-18 15:34:00
1758209700000,0.098002,0.098002,0.097985,0.097985,11.122258,2025-09-18 15:35:00
1758209760000,0.097976,0.097976,0.097976,0.097976,11.51218,2025-09-18 15:36:00
1758209820000,0.098017,0.098077,0.098017,0.098077,11.3244735,2025-09-18 15:37:00
1758209880000,0.098073,0.098073,0.098004,0.098004,11.3725695,2025-09-18 15:38:00
1758209940000,0.098062,0.098062,0.098042,0.098042,11.325011,2025-09-18 15:39:00
1758210000000,0.098071,0.09809,0.098071,0.09809,11.6225345,2025-09-18 15:40:00
1758210060000,0.098109,0.098182,0.098109,0.098182,10.9431685,2025-09-18 15:41:00
1758210120000,0.098147,0.098147,0.098107,0.098107,11.088351,2025-09-18 15:42:00
1758210180000,0.098061,0.098102,0.098061,0.098102,10.9851075,2025-09-18 15:43:00
1758210240000,0.098052,0.098073,0.098052,0.098073,11.2281825,2025-09-18 15:44:00
1758210300000,0.097984,0.097984,0.097834,0.097902,106.07036473722688,2025-09-18 15:45:00
1758210360000,0.097921,0.09796,0.097921,0.09796,11.1162565,2025-09-18 15:46:00
1758210420000,0.098038,0.098116,0.098038,0.098116,11.229875,2025-09-18 15:47:00
1758210480000,0.098152,0.098152,0.098152,0.098152,11.28748,2025-09-18 15:48:00
1758210540000,0.098152,0.098171,0.098152,0.098171,11.09224,2025-09-18 15:49:00
1758210600000,0.09821,0.09821,0.098031,0.098209,7030.164073888758,2025-09-18 15:50:00
1758210660000,0.098223,0.098223,0.098223,0.098223,5.402265,2025-09-18 15:51:00
1758210720000,0.098033,0.098208,0.098033,0.098203,205.04332922461813,2025-09-18 15:52:00
1758210780000,0.098189,0.098189,0.098177,0.098177,10.9473955,2025-09-18 15:53:00
1758210840000,0.098098,0.098151,0.098098,0.098151,10.989944,2025-09-18 15:54:00
1758210900000,0.09819,0.09819,0.098131,0.098131,11.1412315,2025-09-18 15:55:00
1758210960000,0.098219,0.098226,0.098219,0.098226,11.2464885,2025-09-18 15:56:00
1758211020000,0.098147,0.098147,0.098147,0.098147,10.992464,2025-09-18 15:57:00
1758211080000,0.098225,0.09825,0.098225,0.09825,11.592025,2025-09-18 15:58:00
1758211140000,0.098241,0.098241,0.09822,0.09822,11.1491985,2025-09-18 15:59:00
1758211200000,0.098199,0.098199,0.098189,0.098189,10.997728,2025-09-18 16:00:00
1758211260000,0.098182,0.098182,0.098113,0.098113,11.6795525,2025-09-18 16:01:00
1758211320000,0.098162,0.098162,0.098093,0.098093,11.2845935,2025-09-18 16:02:00
1758211380000,0.098112,0.09817,0.098112,0.09817,10.991792,2025-09-18 16:03:00
1758211440000,0.098228,0.098228,0.098228,0.098228,11.148878,2025-09-18 16:04:00
1758211500000,0.098237,0.098276,0.098237,0.098276,10.955629,2025-09-18 16:05:00
1758211560000,0.098325,0.098325,0.098325,0.098325,11.1598875,2025-09-18 16:06:00
1758211620000,0.098393,0.098471,0.098393,0.098471,11.221287,2025-09-18 16:07:00
1758211680000,0.098455,0.098455,0.098377,0.098377,11.317723,2025-09-18 16:08:00
1758211740000,0.098298,0.098298,0.098274,0.098274,10.958871,2025-09-18 16:09:00
1758211800000,0.098225,0.098225,0.098213,0.098213,11.098753,2025-09-18 16:10:00
1758211860000,0.098183,0.098183,0.098163,0.098163,11.2407935,2025-09-18 16:11:00
1758211920000,0.098113,0.098181,0.098113,0.098181,11.5322215,2025-09-18 16:12:00
1758211980000,0.098259,0.098268,0.098259,0.098268,11.398557,2025-09-18 16:13:00
1758212040000,0.098181,0.098208,0.098131,0.098208,255.8517192851513,2025-09-18 16:14:00
1758212100000,0.098198,0.098276,0.098198,0.098276,11.248273,2025-09-18 16:15:00
1758212160000,0.098315,0.098373,0.098315,0.098373,11.0636565,2025-09-18 16:16:00
1758212220000,0.098428,0.098428,0.098389,0.098389,11.5137555,2025-09-18 16:17:00
1758212280000,0.098341,0.098341,0.098281,0.098281,11.2564745,2025-09-18 16:18:00
1758212340000,0.09831,0.098329,0.09831,0.098329,11.2576255,2025-09-18 16:19:00
1758212400000,0.098368,0.098368,0.098328,0.098328,10.867464,2025-09-18 16:20:00
1758212460000,0.098328,0.098328,0.098328,0.098328,11.455212,2025-09-18 16:21:00
1758212520000,0.098328,0.098386,0.098328,0.098386,11.360306,2025-09-18 16:22:00
1758212580000,0.098346,0.098434,0.098346,0.098434,11.364199,2025-09-18 16:23:00
1758212640000,0.098443,0.098443,0.098426,0.098426,11.0739025,2025-09-18 16:24:00
1758212700000,0.098385,0.098385,0.098374,0.098374,10.9693115,2025-09-18 16:25:00
1758212760000,0.098362,0.098362,0.098335,0.098335,11.5559555,2025-09-18 16:26:00
1758212820000,0.098364,0.098396,0.098364,0.098396,11.461278,2025-09-18 16:27:00
1758212880000,0.098384,0.098384,0.098384,0.098384,11.461736,2025-09-18 16:28:00
1758212940000,0.098379,0.098379,0.098373,0.098373,11.21487,2025-09-18 16:29:00
1758213000000,0.098343,0.098392,0.098343,0.098392,10.8695965,2025-09-18 16:30:00
1758213060000,0.098401,0.098461,0.098401,0.098461,11.418026,2025-09-18 16:31:00
1758213120000,0.098399,0.098399,0.098339,0.098339,11.214126,2025-09-18 16:32:00
1758213180000,0.098332,0.098332,0.098326,0.098326,11.25866,2025-09-18 16:33:00
1758213240000,0.098373,0.098373,0.098304,0.098304,11.2105545,2025-09-18 16:34:00
1758213300000,0.098323,0.098327,0.098323,0.098327,11.110727,2025-09-18 16:35:00
1758213360000,0.098238,0.098287,0.098238,0.098287,11.4967615,2025-09-18 16:36:00
1758213420000,0.098267,0.098267,0.098237,0.098237,11.200698,2025-09-18 16:37:00
1758213480000,0.098266,0.098344,0.098266,0.098344,11.059215,2025-09-18 16:38:00
1758213540000,0.09833,0.098388,0.09833,0.098388,11.507945,2025-09-18 16:39:00
1758213600000,0.098435,0.098435,0.098417,0.098417,11.220528,2025-09-18 16:40:00
1758213660000,0.098367,0.098426,0.098367,0.098426,11.3157155,2025-09-18 16:41:00
1758213720000,0.098426,0.098455,0.098426,0.098455,11.1730475,2025-09-18 16:42:00
1758213780000,0.098435,0.098454,0.098435,0.098454,11.419562,2025-09-18 16:43:00
1758213840000,0.098442,0.098461,0.098442,0.098461,11.0758175,2025-09-18 16:44:00
1758213900000,0.098539,0.098539,0.09846,0.09846,11.4259815,2025-09-18 16:45:00
1758213960000,0.09846,0.098468,0.09846,0.098468,11.17567,2025-09-18 16:46:00
1758214020000,0.098468,0.098497,0.098468,0.098497,10.931543,2025-09-18 16:47:00
1758214080000,0.098497,0.098565,0.098497,0.098565,11.133935,2025-09-18 16:48:00
1758214140000,0.098594,0.098623,0.098594,0.098623,10.9455435,2025-09-18 16:49:00
1758214200000,0.098652,0.098652,0.098637,0.098637,11.4427395,2025-09-18 16:50:00
1758214260000,0.098623,0.098623,0.098583,0.098583,11.339285,2025-09-18 16:51:00
1758214320000,0.098593,0.098593,0.098579,0.098579,11.4852515,2025-09-18 16:52:00
1758214380000,0.098561,0.098561,0.098547,0.098547,11.5800845,2025-09-18 16:53:00
1758214440000,0.098531,0.098532,0.098427,0.098427,505.7148786070248,2025-09-18 16:54:00
1758214500000,0.098466,0.098495,0.098466,0.098495,11.1282965,2025-09-18 16:55:00
1758214560000,0.098504,0.098513,0.098504,0.098513,11.2299555,2025-09-18 16:56:00
1758214620000,0.098562,0.098562,0.098557,0.098557,11.482178,2025-09-18 16:57:00
1758214680000,0.098537,0.098537,0.098518,0.098518,11.4784775,2025-09-18 16:58:00
1758214740000,0.098478,0.098505,0.098478,0.098505,11.474253,2025-09-18 16:59:00
1758214800000,0.098544,0.098622,0.098544,0.098622,11.386278,2025-09-18 17:00:00
1758214860000,0.098641,0.098816,0.098601,0.098816,467.6968272197517,2025-09-18 17:01:00
1758214920000,0.098797,0.098797,0.098717,0.098717,4111.492469183258,2025-09-18 17:02:00
1758214980000,0.098711,0.098711,0.098606,0.098606,11.09895,2025-09-18 17:03:00
1758215040000,0.098554,0.098554,0.098525,0.098525,11.1842115,2025-09-18 17:04:00
1758215100000,0.098498,0.098722,0.098497,0.098722,1985.5586214068908,2025-09-18 17:05:00
1758215160000,0.09881,0.098852,0.09881,0.098852,11.662037,2025-09-18 17:06:00
1758215220000,0.098822,0.098822,0.098806,0.098806,11.363578,2025-09-18 17:07:00
1758215280000,0.098815,0.098834,0.098815,0.098834,11.11778,2025-09-18 17:08:00
1758215340000,0.098922,0.098967,0.098922,0.098967,11.180661,2025-09-18 17:09:00
1758215400000,0.098877,0.098877,0.098847,0.098847,11.4185085,2025-09-18 17:10:00
1758215460000,0.098935,0.098936,0.098935,0.098936,11.3281155,2025-09-18 17:11:00
1758215520000,0.098933,0.098933,0.09893,0.09893,11.5749825,2025-09-18 17:12:00
1758215580000,0.098969,0.099048,0.098969,0.099048,10.989983,2025-09-18 17:13:00
1758215640000,0.099067,0.099067,0.099019,0.099019,11.290806,2025-09-18 17:14:00
1758215700000,0.098993,0.098993,0.09899,0.09899,11.384021,2025-09-18 17:15:00
1758215760000,0.09898,0.09899,0.09898,0.09899,11.18529,2025-09-18 17:16:00
1758215820000,0.09899,0.09899,0.09892,0.09892,11.67669,2025-09-18 17:17:00
1758215880000,0.09892,0.098939,0.09892,0.098939,11.3274515,2025-09-18 17:18:00
1758215940000,0.098909,0.098988,0.098909,0.098988,11.280287,2025-09-18 17:19:00
1758216000000,0.099047,0.099063,0.099047,0.099063,11.193239,2025-09-18 17:20:00
1758216060000,0.099033,0.099052,0.099033,0.099052,11.389916,2025-09-18 17:21:00
1758216120000,0.099012,0.099012,0.099012,0.099012,11.287368,2025-09-18 17:22:00
1758216180000,0.099071,0.099071,0.099071,0.099071,11.3436295,2025-09-18 17:23:00
1758216240000,0.098981,0.098986,0.098981,0.098986,11.680053,2025-09-18 17:24:00
1758216300000,0.098936,0.098936,0.098875,0.098875,11.42357,2025-09-18 17:25:00
1758216360000,0.098867,0.098867,0.09886,0.09886,11.4681555,2025-09-18 17:26:00
1758216420000,0.098845,0.098845,0.098765,0.098765,11.1156625,2025-09-18 17:27:00
1758216480000,0.098765,0.098765,0.098745,0.098745,11.1099625,2025-09-18 17:28:00
1758216540000,0.098715,0.098793,0.098715,0.098793,11.2087155,2025-09-18 17:29:00
1758216600000,0.098793,0.098793,0.09877,0.09877,11.2117405,2025-09-18 17:30:00
1758216660000,0.098762,0.098762,0.098759,0.098759,11.1105525,2025-09-18 17:31:00
1758216720000,0.098752,0.098752,0.098725,0.098725,11.6511295,2025-09-18 17:32:00
1758216780000,0.098784,0.098853,0.098784,0.098853,11.2654125,2025-09-18 17:33:00
1758216840000,0.098882,0.098882,0.09885,0.09885,11.616747,2025-09-18 17:34:00
1758216900000,0.098795,0.098795,0.098715,0.098715,11.554415,2025-09-18 17:35:00
1758216960000,0.098703,0.098703,0.098659,0.098659,11.1016235,2025-09-18 17:36:00
1758217020000,0.098641,0.098641,0.098611,0.098611,11.539257,2025-09-18 17:37:00
1758217080000,0.098584,0.098584,0.098579,0.098579,11.139702,2025-09-18 17:38:00
1758217140000,0.098549,0.098578,0.098549,0.098578,11.137632,2025-09-18 17:39:00
1758217200000,0.098607,0.098607,0.098607,0.098607,11.2905015,2025-09-18 17:40:00
1758217260000,0.098646,0.098675,0.098646,0.098675,11.4939555,2025-09-18 17:41:00
1758217320000,0.098724,0.098724,0.098715,0.098715,11.4021045,2025-09-18 17:42:00
1758217380000,0.098716,0.098716,0.098716,0.098716,11.302982,2025-09-18 17:43:00
1758217440000,0.098713,0.098713,0.098707,0.098707,11.252949,2025-09-18 17:44:00
1758217500000,0.098697,0.098726,0.098697,0.098726,11.54926,2025-09-18 17:45:00
1758217560000,0.098676,0.098695,0.098676,0.098695,11.496875,2025-09-18 17:46:00
1758217620000,0.098773,0.098832,0.098773,0.098832,11.411615,2025-09-18 17:47:00
1758217680000,0.098826,0.098826,0.098786,0.098786,11.313317,2025-09-18 17:48:00
1758217740000,0.098845,0.098856,0.098845,0.098856,11.713787,2025-09-18 17:49:00
1758217800000,0.098856,0.098925,0.098856,0.098925,11.026239,2025-09-18 17:50:00
1758217860000,0.098944,0.098944,0.098673,0.098682,24.54307736233241,2025-09-18 17:51:00
1758217920000,0.098751,0.098918,0.098751,0.098918,123.82786595037702,2025-09-18 17:52:00
1758217980000,0.098927,0.098957,0.098927,0.098957,11.3288965,2025-09-18 17:53:00
1758218040000,0.098957,0.099016,0.098957,0.099016,11.3338805,2025-09-18 17:54:00
1758218100000,0.099095,0.099095,0.099062,0.099062,11.443509,2025-09-18 17:55:00
1758218160000,0.098988,0.098988,0.098958,0.098958,11.183949,2025-09-18 17:56:00
1758218220000,0.098878,0.098924,0.098878,0.098924,11.373569,2025-09-18 17:57:00
1758218280000,0.098914,0.098914,0.098864,0.098864,11.223839,2025-09-18 17:58:00
1758218340000,0.098719,0.098905,0.098719,0.098896,1473.5430350882357,2025-09-18 17:59:00
1758218400000,0.098816,0.098816,0.098816,0.098816,5.68192,2025-09-18 18:00:00
1758218460000,0.098895,0.098953,0.098895,0.098953,16.966596,2025-09-18 18:01:00
1758218520000,0.0993,0.0993,0.099168,0.099258,1990.6901020302985,2025-09-18 18:02:00
1758218580000,0.09921,0.09921,0.09921,0.09921,5.65497,2025-09-18 18:03:00
1758218640000,0.09919,0.09919,0.099164,0.099164,16.513349,2025-09-18 18:04:00
1758218700000,0.099163,0.099163,0.099163,0.099163,5.652291,2025-09-18 18:05:00
1758218760000,0.099093,0.099093,0.099012,0.099012,201.68040971386677,2025-09-18 18:06:00
1758218820000,0.099011,0.099011,0.099011,0.099011,5.841649,2025-09-18 18:07:00
1758218880000,0.09906,0.099109,0.09906,0.099109,11.196524,2025-09-18 18:08:00
1758218940000,0.099178,0.099178,0.099137,0.099137,16.80834,2025-09-18 18:09:00
1758219000000,0.099123,0.099123,0.099114,0.099114,11.4481935,2025-09-18 18:10:00
1758219060000,0.099064,0.099064,0.099064,0.099064,5.844776,2025-09-18 18:11:00
1758219120000,0.099034,0.099093,0.099034,0.099093,11.5409125,2025-09-18 18:12:00
1758219180000,0.099075,0.099075,0.099056,0.099056,11.640201,2025-09-18 18:13:00
1758219240000,0.099056,0.099056,0.099056,0.099056,11.490496,2025-09-18 18:14:00
1758219300000,0.099056,0.099085,0.099056,0.099085,11.3436085,2025-09-18 18:15:00
1758219360000,0.099094,0.099103,0.099094,0.099103,11.2972425,2025-09-18 18:16:00
1758219420000,0.099152,0.099152,0.099152,0.099152,11.352904,2025-09-18 18:17:00
1758219480000,0.099161,0.099209,0.099159,0.099159,16.959227,2025-09-18 18:18:00
1758219540000,0.099191,0.099191,0.099191,0.099191,5.7034825,2025-09-18 18:19:00
1758219600000,0.099182,0.099182,0.099122,0.099122,11.650345,2025-09-18 18:20:00
1758219660000,0.099097,0.099097,0.099097,0.099097,11.6438975,2025-09-18 18:21:00
1758219720000,0.099017,0.099076,0.099017,0.099076,11.241881,2025-09-18 18:22:00
1758219780000,0.099115,0.099184,0.099115,0.099184,11.104744,2025-09-18 18:23:00
1758219840000,0.099147,0.099147,0.099134,0.099134,11.2028635,2025-09-18 18:24:00
1758219900000,0.099127,0.099127,0.099122,0.099122,11.250637,2025-09-18 18:25:00
1758219960000,0.099104,0.099104,0.099024,0.099024,11.293176,2025-09-18 18:26:00
1758220020000,0.099033,0.099062,0.099033,0.099062,11.291357,2025-09-18 18:27:00
1758220080000,0.099121,0.0992,0.099121,0.0992,11.2548155,2025-09-18 18:28:00
1758220140000,0.099247,0.099247,0.099247,0.099247,11.314158,2025-09-18 18:29:00
1758220200000,0.09924,0.09924,0.09923,0.09923,11.412035,2025-09-18 18:30:00
1758220260000,0.09922,0.09922,0.099212,0.099212,11.01298,2025-09-18 18:31:00
1758220320000,0.099183,0.099183,0.099178,0.099178,10.909855,2025-09-18 18:32:00
1758220380000,0.099169,0.099169,0.099161,0.099161,11.6518935,2025-09-18 18:33:00
1758220440000,0.099156,0.099156,0.099152,0.099152,11.45229,2025-09-18 18:34:00
1758220500000,0.099152,0.099152,0.099152,0.099152,11.501632,2025-09-18 18:35:00
1758220560000,0.099231,0.09929,0.099231,0.09929,11.36546,2025-09-18 18:36:00
1758220620000,0.099289,0.099289,0.099279,0.099279,11.516949,2025-09-18 18:37:00
1758220680000,0.099259,0.09926,0.099259,0.09926,11.4148415,2025-09-18 18:38:00
1758220740000,0.09927,0.09927,0.09925,0.09925,11.51415,2025-09-18 18:39:00
1758220800000,0.09919,0.099198,0.09919,0.099198,11.010538,2025-09-18 18:40:00
1758220860000,0.099176,0.099176,0.099146,0.099146,11.601807,2025-09-18 18:41:00
1758220920000,0.099136,0.099136,0.099125,0.099125,11.4000075,2025-09-18 18:42:00
1758220980000,0.099125,0.099125,0.099035,0.099035,11.4436275,2025-09-18 18:43:00
1758221040000,0.099035,0.099074,0.099035,0.099074,11.688431,2025-09-18 18:44:00
1758221100000,0.099133,0.099152,0.099133,0.099152,11.550087,2025-09-18 18:45:00
1758221160000,0.099211,0.0993,0.099211,0.0993,11.116705,2025-09-18 18:46:00
1758221220000,0.099334,0.099334,0.099327,0.099327,11.621672,2025-09-18 18:47:00
1758221280000,0.099277,0.099277,0.099277,0.099277,11.317578,2025-09-18 18:48:00
1758221340000,0.099296,0.099325,0.099296,0.099325,11.5199745,2025-09-18 18:49:00
1758221400000,0.099404,0.099404,0.099196,0.099324,192.7062848155059,2025-09-18 18:50:00
1758221460000,0.099393,0.099393,0.099393,0.099393,5.6157045,2025-09-18 18:51:00
1758221520000,0.099363,0.099382,0.099363,0.099382,11.5769105,2025-09-18 18:52:00
1758221580000,0.099421,0.099477,0.099421,0.099477,11.0886055,2025-09-18 18:53:00
1758221640000,0.099467,0.099468,0.099428,0.099437,172.80970922066717,2025-09-18 18:54:00
1758221700000,0.099437,0.099526,0.099437,0.099526,11.440506,2025-09-18 18:55:00
1758221760000,0.099585,0.099604,0.099585,0.099604,11.4036035,2025-09-18 18:56:00
1758221820000,0.099584,0.099584,0.09957,0.09957,11.202416,2025-09-18 18:57:00
1758221880000,0.09954,0.09954,0.099538,0.099538,11.596293,2025-09-18 18:58:00
1758221940000,0.099522,0.099547,0.099522,0.099547,11.645549,2025-09-18 18:59:00
1758222000000,0.099457,0.099536,0.099457,0.099536,11.4421765,2025-09-18 19:00:00
1758222060000,0.099446,0.099475,0.099446,0.099475,10.940655,2025-09-18 19:01:00
1758222120000,0.099385,0.099404,0.099385,0.099404,11.6291375,2025-09-18 19:02:00
1758222180000,0.099384,0.099384,0.099304,0.099304,11.474292,2025-09-18 19:03:00
1758222240000,0.099343,0.099343,0.099283,0.099283,11.520248,2025-09-18 19:04:00
1758222300000,0.099292,0.099305,0.099292,0.099305,11.6179245,2025-09-18 19:05:00
1758222360000,0.099304,0.099313,0.099304,0.099313,11.619099,2025-09-18 19:06:00
1758222420000,0.099332,0.099369,0.099332,0.099369,11.7233775,2025-09-18 19:07:00
1758222480000,0.099327,0.099327,0.099277,0.099277,11.022547,2025-09-18 19:08:00
1758222540000,0.099297,0.099297,0.099257,0.099257,11.019747,2025-09-18 19:09:00
1758222600000,0.099336,0.099405,0.099336,0.099405,11.526909,2025-09-18 19:10:00
1758222660000,0.099418,0.099418,0.099388,0.099388,11.083412,2025-09-18 19:11:00
1758222720000,0.099368,0.099368,0.099346,0.099346,11.326698,2025-09-18 19:12:00
1758222780000,0.099306,0.099345,0.099306,0.099345,11.02515,2025-09-18 19:13:00
1758222840000,0.099374,0.099374,0.099354,0.099354,11.675285,2025-09-18 19:14:00
1758222900000,0.09935,0.09935,0.099331,0.099331,11.5731635,2025-09-18 19:15:00
1758222960000,0.099327,0.099327,0.099307,0.099307,11.620099,2025-09-18 19:16:00
1758223020000,0.099295,0.099295,0.099259,0.099259,10.9701175,2025-09-18 19:17:00
1758223080000,0.099251,0.099251,0.099236,0.099236,11.3633845,2025-09-18 19:18:00
1758223140000,0.099221,0.099221,0.099201,0.099201,11.210813,2025-09-18 19:19:00
1758223200000,0.099219,0.099219,0.099159,0.099159,11.307426,2025-09-18 19:20:00
1758223260000,0.099139,0.099159,0.099139,0.099159,11.5508735,2025-09-18 19:21:00
1758223320000,0.099149,0.099149,0.099141,0.099141,11.0546655,2025-09-18 19:22:00
1758223380000,0.099141,0.099141,0.099108,0.099108,11.349813,2025-09-18 19:23:00
1758223440000,0.09909,0.09909,0.098913,0.098922,171.45992440635808,2025-09-18 19:24:00
1758223500000,0.099001,0.09905,0.099001,0.09905,11.387957,2025-09-18 19:25:00
1758223560000,0.099119,0.099168,0.098924,0.098924,17.95514215304204,2025-09-18 19:26:00
1758223620000,0.098993,0.099071,0.098993,0.099071,70.95995353230578,2025-09-18 19:27:00
1758223680000,0.09909,0.09909,0.099086,0.099086,10.949223,2025-09-18 19:28:00
1758223740000,0.099069,0.099069,0.099009,0.099009,11.290506,2025-09-18 19:29:00
1758223800000,0.098913,0.099011,0.098913,0.099011,139.21598526977056,2025-09-18 19:30:00
1758223860000,0.098915,0.098915,0.098896,0.098896,11.2257505,2025-09-18 19:31:00
1758223920000,0.09889,0.09889,0.09881,0.09881,11.417235,2025-09-18 19:32:00
1758223980000,0.098795,0.098795,0.098733,0.098733,11.456562,2025-09-18 19:33:00
1758224040000,0.098648,0.098648,0.098596,0.098596,11.094936,2025-09-18 19:34:00
1758224100000,0.098537,0.098537,0.098498,0.098498,11.4280105,2025-09-18 19:35:00
1758224160000,0.098461,0.098461,0.098392,0.098392,11.4175775,2025-09-18 19:36:00
1758224220000,0.098401,0.098401,0.098373,0.098373,11.511307,2025-09-18 19:37:00
1758224280000,0.098323,0.098323,0.098264,0.098264,11.303782,2025-09-18 19:38:00
1758224340000,0.098216,0.098253,0.098216,0.098253,11.0513905,2025-09-18 19:39:00
1758224400000,0.09831,0.098368,0.09831,0.098368,11.014026,2025-09-18 19:40:00
1758224460000,0.09842,0.098449,0.09842,0.098449,11.369163,2025-09-18 19:41:00
1758224520000,0.098458,0.098458,0.098116,0.098116,80.08853182683556,2025-09-18 19:42:00
1758224580000,0.098154,0.098258,0.098154,0.098258,627.4254464503596,2025-09-18 19:43:00
1758224640000,0.098341,0.09841,0.098341,0.09841,11.2640465,2025-09-18 19:44:00
1758224700000,0.098449,0.098508,0.098449,0.098508,11.7189415,2025-09-18 19:45:00
1758224760000,0.098498,0.098498,0.098498,0.098498,10.884029,2025-09-18 19:46:00
1758224820000,0.098507,0.098507,0.098497,0.098497,11.524734,2025-09-18 19:47:00
1758224880000,0.098506,0.098506,0.098506,0.098506,11.180431,2025-09-18 19:48:00
1758224940000,0.098565,0.098589,0.098565,0.098589,11.6813685,2025-09-18 19:49:00
1758225000000,0.098587,0.098596,0.098587,0.098596,11.0915415,2025-09-18 19:50:00
1758225060000,0.098665,0.098665,0.098615,0.098615,11.4914975,2025-09-18 19:51:00
1758225120000,0.098624,0.098633,0.098624,0.098633,11.588842,2025-09-18 19:52:00
1758225180000,0.098642,0.098701,0.098642,0.098701,11.347134,2025-09-18 19:53:00
1758225240000,0.098701,0.098701,0.098701,0.098701,11.1038625,2025-09-18 19:54:00
1758225300000,0.09872,0.09872,0.09872,0.09872,11.15536,2025-09-18 19:55:00
1758225360000,0.098769,0.098848,0.098769,0.098848,10.967783,2025-09-18 19:56:00
1758225420000,0.098904,0.098904,0.098814,0.098814,11.566593,2025-09-18 19:57:00
1758225480000,0.098833,0.098833,0.098833,0.098833,11.464628,2025-09-18 19:58:00
1758225540000,0.098862,0.098874,0.098862,0.098874,11.320395,2025-09-18 19:59:00
1758225600000,0.098863,0.098863,0.098854,0.098854,11.3193095,2025-09-18 20:00:00
1758225660000,0.098844,0.098844,0.098836,0.098836,11.366596,2025-09-18 20:01:00
1758225720000,0.098826,0.098826,0.098746,0.098746,11.557882,2025-09-18 20:02:00
1758225780000,0.098667,0.098681,0.098667,0.098681,10.85414,2025-09-18 20:03:00
1758225840000,0.09875,0.098819,0.09875,0.098819,11.4095925,2025-09-18 20:04:00
1758225900000,0.098907,0.098907,0.09886,0.09886,11.4210795,2025-09-18 20:05:00
1758225960000,0.098853,0.098853,0.098853,0.098853,11.269242,2025-09-18 20:06:00
1758226020000,0.098853,0.098853,0.098853,0.098853,11.565801,2025-09-18 20:07:00
1758226080000,0.098941,0.099026,0.098941,0.099026,11.5315565,2025-09-18 20:08:00
1758226140000,0.099015,0.099015,0.098995,0.098995,11.68258,2025-09-18 20:09:00
1758226200000,0.098995,0.099024,0.098995,0.099024,11.089064,2025-09-18 20:10:00
1758226260000,0.099033,0.099033,0.098963,0.098963,11.285842,2025-09-18 20:11:00
1758226320000,0.098992,0.099021,0.098992,0.099021,11.336266,2025-09-18 20:12:00
1758226380000,0.099021,0.099021,0.098961,0.098961,10.9385205,2025-09-18 20:13:00
1758226440000,0.098891,0.098891,0.098871,0.098871,10.87691,2025-09-18 20:14:00
1758226500000,0.098871,0.09888,0.098871,0.09888,11.5684425,2025-09-18 20:15:00
1758226560000,0.098919,0.098919,0.098919,0.098919,11.375685,2025-09-18 20:16:00
1758226620000,0.098958,0.098958,0.098943,0.098943,10.934034,2025-09-18 20:17:00
1758226680000,0.098938,0.098938,0.098938,0.098938,11.575746,2025-09-18 20:18:00
1758226740000,0.098858,0.098858,0.098828,0.098828,11.218628,2025-09-18 20:19:00
1758226800000,0.098758,0.098807,0.098758,0.098807,11.1624715,2025-09-18 20:20:00
1758226860000,0.098839,0.098849,0.098839,0.098849,11.3176305,2025-09-18 20:21:00
1758226920000,0.098904,0.09896,0.098904,0.09896,11.179344,2025-09-18 20:22:00
1758226980000,0.098979,0.098998,0.098979,0.098998,11.5321365,2025-09-18 20:23:00
1758227040000,0.099077,0.099077,0.099067,0.099067,11.294203,2025-09-18 20:24:00
1758227100000,0.099076,0.099076,0.099076,0.099076,11.14605,2025-09-18 20:25:00
1758227160000,0.099076,0.099076,0.099076,0.099076,11.443278,2025-09-18 20:26:00
1758227220000,0.099076,0.099076,0.099076,0.099076,11.245126,2025-09-18 20:27:00
1758227280000,0.099087,0.099087,0.099027,0.099027,11.2429245,2025-09-18 20:28:00
1758227340000,0.099071,0.099071,0.099068,0.099068,11.4425265,2025-09-18 20:29:00
1758227400000,0.099066,0.099066,0.099059,0.099059,11.2931145,2025-09-18 20:30:00
1758227460000,0.098786,0.098962,0.098786,0.098923,1179.9948094800804,2025-09-18 20:31:00
1758227520000,0.098932,0.098991,0.098932,0.098991,11.5784365,2025-09-18 20:32:00
1758227580000,0.099,0.099039,0.099,0.099039,11.090145,2025-09-18 20:33:00
1758227640000,0.099009,0.099088,0.099009,0.099088,11.1924805,2025-09-18 20:34:00
1758227700000,0.099107,0.099107,0.099044,0.099044,11.1955945,2025-09-18 20:35:00
1758227760000,0.099123,0.099123,0.099043,0.099043,10.998173,2025-09-18 20:36:00
1758227820000,0.099013,0.099102,0.099013,0.099102,11.6887405,2025-09-18 20:37:00
1758227880000,0.099032,0.099081,0.099032,0.099081,11.292343,2025-09-18 20:38:00
1758227940000,0.09909,0.099129,0.09909,0.099129,11.4470985,2025-09-18 20:39:00
1758228000000,0.099128,0.099128,0.099123,0.099123,11.548127,2025-09-18 20:40:00
1758228060000,0.099122,0.099122,0.099122,0.099122,11.002542,2025-09-18 20:41:00
1758228120000,0.099119,0.099119,0.099118,0.099118,11.3986295,2025-09-18 20:42:00
1758228180000,0.099118,0.099118,0.099028,0.099028,11.294187,2025-09-18 20:43:00
1758228240000,0.099117,0.099118,0.099117,0.099118,11.2993945,2025-09-18 20:44:00
1758228300000,0.099118,0.099118,0.099068,0.099068,11.346236,2025-09-18 20:45:00
1758228360000,0.099077,0.099086,0.099077,0.099086,11.4934495,2025-09-18 20:46:00
1758228420000,0.099135,0.099154,0.099135,0.099154,11.6494835,2025-09-18 20:47:00
1758228480000,0.099233,0.101999,0.099233,0.099562,17159.56094653773,2025-09-18 20:48:00
1758228540000,0.099385,0.099385,0.099373,0.099373,11.6770415,2025-09-18 20:49:00
1758228600000,0.099361,0.099361,0.099331,0.099331,11.1764325,2025-09-18 20:50:00
1758228660000,0.09934,0.09934,0.099327,0.099327,11.075695,2025-09-18 20:51:00
1758228720000,0.099307,0.099307,0.099297,0.099297,11.121819,2025-09-18 20:52:00
1758228780000,0.099281,0.099281,0.099266,0.099266,11.4164225,2025-09-18 20:53:00
1758228840000,0.099176,0.099228,0.099176,0.099228,11.408178,2025-09-18 20:54:00
1758228900000,0.099208,0.099257,0.099208,0.099257,11.362109,2025-09-18 20:55:00
1758228960000,0.099264,0.099264,0.099222,0.099222,11.264091,2025-09-18 20:56:00
1758229020000,0.099094,0.099094,0.099094,0.099094,11.643545,2025-09-18 20:57:00
1758229080000,0.099094,0.099094,0.099094,0.099094,11.247169,2025-09-18 20:58:00
1758229140000,0.099094,0.099094,0.099093,0.099093,11.2471125,2025-09-18 20:59:00
1758229200000,0.098925,0.098976,0.098925,0.098976,11.1813555,2025-09-18 21:00:00
1758229260000,0.099005,0.099024,0.099005,0.099024,11.337184,2025-09-18 21:01:00
1758229320000,0.099014,0.099033,0.099014,0.099033,11.5362235,2025-09-18 21:02:00
1758229380000,0.099,0.099029,0.099,0.099029,11.436182,2025-09-18 21:03:00
1758229440000,0.099026,0.099026,0.099026,0.099026,5.644482,2025-09-18 21:04:00
1758229500000,0.099038,0.099173,0.099038,0.099173,16.699396,2025-09-18 21:05:00
1758229560000,0.099162,0.099162,0.099117,0.099117,11.6984385,2025-09-18 21:06:00
1758229620000,0.099102,0.099102,0.099102,0.099102,5.45061,2025-09-18 21:07:00
1758229680000,0.099057,0.099057,0.099,0.099,58.69962038736789,2025-09-18 21:08:00
1758229740000,0.09891,0.098939,0.09891,0.098939,11.524726,2025-09-18 21:09:00
1758229800000,0.098962,0.098962,0.098882,0.098882,11.178226,2025-09-18 21:10:00
1758229860000,0.098931,0.098931,0.098881,0.098881,11.1269125,2025-09-18 21:11:00
1758229920000,0.09893,0.098978,0.09893,0.098978,10.934405,2025-09-18 21:12:00
1758229980000,0.098948,0.098953,0.098948,0.098953,11.6761615,2025-09-18 21:13:00
1758230040000,0.098928,0.098928,0.098868,0.098868,11.37315,2025-09-18 21:14:00
1758230100000,0.098864,0.098864,0.098864,0.098864,5.783544,2025-09-18 21:15:00
1758230160000,0.098862,0.098891,0.098841,0.098841,16.757565,2025-09-18 21:16:00
1758230220000,0.09888,0.098968,0.09888,0.098968,11.376084,2025-09-18 21:17:00
1758230280000,0.098976,0.098976,0.098976,0.098976,5.44368,2025-09-18 21:18:00
1758230340000,0.098976,0.099045,0.09891,0.099006,2011.6373131585156,2025-09-18 21:19:00
1758230400000,0.099075,0.099075,0.099055,0.099055,11.68968,2025-09-18 21:20:00
1758230460000,0.099144,0.099144,0.099031,0.099076,1116.1097316620292,2025-09-18 21:21:00
1758230520000,0.099135,0.099194,0.099135,0.099194,11.4039175,2025-09-18 21:22:00
1758230580000,0.099263,0.099263,0.099263,0.099263,5.7076225,2025-09-18 21:23:00
1758230640000,0.099213,0.099213,0.09921,0.09921,11.5085325,2025-09-18 21:24:00
1758230700000,0.09918,0.099189,0.09918,0.099189,11.108673,2025-09-18 21:25:00
1758230760000,0.099248,0.099257,0.099248,0.099257,11.2651745,2025-09-18 21:26:00
1758230820000,0.099296,0.099296,0.099292,0.099292,10.971988,2025-09-18 21:27:00
1758230880000,0.099272,0.099272,0.099264,0.099264,11.415812,2025-09-18 21:28:00
1758230940000,0.099259,0.099259,0.099259,0.099259,11.2658965,2025-09-18 21:29:00
1758231000000,0.099259,0.099259,0.099015,0.099201,17065.15060246985,2025-09-18 21:30:00
1758231060000,0.099201,0.099201,0.099201,0.099201,5.654457,2025-09-18 21:31:00
1758231120000,0.09922,0.099245,0.09922,0.099245,11.064405,2025-09-18 21:32:00
1758231180000,0.099207,0.099208,0.099121,0.09913,965.3148717797841,2025-09-18 21:33:00
1758231240000,0.09913,0.09918,0.09913,0.09918,11.60111,2025-09-18 21:34:00
1758231300000,0.09918,0.09918,0.09914,0.09914,11.50262,2025-09-18 21:35:00
1758231360000,0.099189,0.099278,0.099189,0.099278,11.362169,2025-09-18 21:36:00
1758231420000,0.099304,0.099304,0.099293,0.099293,11.0221335,2025-09-18 21:37:00
1758231480000,0.099243,0.099252,0.099243,0.099252,10.9668465,2025-09-18 21:38:00
1758231540000,0.099252,0.099252,0.099162,0.099162,11.309553,2025-09-18 21:39:00
1758231600000,0.099108,0.099127,0.099108,0.099127,10.902925,2025-09-18 21:40:00
1758231660000,0.099196,0.099196,0.099136,0.099136,11.304924,2025-09-18 21:41:00
1758231720000,0.099136,0.099165,0.099136,0.099165,11.6997735,2025-09-18 21:42:00
1758231780000,0.099214,0.099263,0.099214,0.099263,11.561322,2025-09-18 21:43:00
1758231840000,0.099173,0.099262,0.099173,0.099262,11.6083585,2025-09-18 21:44:00
1758231900000,0.099279,0.099279,0.099189,0.099189,11.312676,2025-09-18 21:45:00
1758231960000,0.099238,0.099238,0.099188,0.099188,11.310282,2025-09-18 21:46:00
1758232020000,0.099227,0.099256,0.099227,0.099256,11.7104825,2025-09-18 21:47:00
1758232080000,0.099226,0.099305,0.099226,0.099305,11.117815,2025-09-18 21:48:00
1758232140000,0.099364,0.099368,0.099364,0.099368,11.079312,2025-09-18 21:49:00
1758232200000,0.099359,0.099359,0.099227,0.099276,1444.619544668312,2025-09-18 21:50:00
1758232260000,0.099305,0.099324,0.099305,0.099324,11.669468,2025-09-18 21:51:00
1758232320000,0.099324,0.099413,0.099324,0.099413,11.3279645,2025-09-18 21:52:00
1758232380000,0.099393,0.099412,0.099393,0.099412,11.3815625,2025-09-18 21:53:00
1758232440000,0.099454,0.099454,0.099452,0.099452,11.089009,2025-09-18 21:54:00
1758232500000,0.099441,0.099441,0.099371,0.099371,11.332284,2025-09-18 21:55:00
1758232560000,0.099389,0.099389,0.09938,0.09938,11.2801385,2025-09-18 21:56:00
1758232620000,0.099364,0.099364,0.099294,0.099294,11.422835,2025-09-18 21:57:00
1758232680000,0.099274,0.099303,0.099274,0.099303,11.021009,2025-09-18 21:58:00
1758232740000,0.099291,0.099291,0.099239,0.099239,11.216893,2025-09-18 21:59:00
1758232800000,0.099222,0.099222,0.099192,0.099192,11.508012,2025-09-18 22:00:00
1758232860000,0.099198,0.099198,0.099182,0.099182,11.208454,2025-09-18 22:01:00
1758232920000,0.099157,0.099157,0.09914,0.09914,11.5508045,2025-09-18 22:02:00
1758232980000,0.099134,0.099134,0.0991,0.0991,11.150705,2025-09-18 22:03:00
1758233040000,0.0991,0.099119,0.0991,0.099119,11.2984925,2025-09-18 22:04:00
1758233100000,0.099099,0.099108,0.099099,0.099108,11.0995875,2025-09-18 22:05:00
1758233160000,0.099108,0.099108,0.099074,0.099074,11.246854,2025-09-18 22:06:00
1758233220000,0.099019,0.099019,0.098985,0.098985,11.3356865,2025-09-18 22:07:00
1758233280000,0.098964,0.098964,0.098934,0.098934,11.181192,2025-09-18 22:08:00
1758233340000,0.098884,0.098884,0.098804,0.098804,11.218894,2025-09-18 22:09:00
1758233400000,0.098883,0.098899,0.098849,0.098899,405.5025284658447,2025-09-18 22:10:00
1758233460000,0.098839,0.098839,0.098789,0.098789,11.264846,2025-09-18 22:11:00
1758233520000,0.098848,0.098848,0.098798,0.098798,11.166949,2025-09-18 22:12:00
1758233580000,0.098798,0.098798,0.098758,0.098758,11.112575,2025-09-18 22:13:00
1758233640000,0.098817,0.098817,0.098817,0.098817,11.363955,2025-09-18 22:14:00
1758233700000,0.0988,0.0988,0.098711,0.098711,11.208727,2025-09-18 22:15:00
1758233760000,0.09859,0.098678,0.09859,0.09864,500.60968896940005,2025-09-18 22:16:00
1758233820000,0.098649,0.098649,0.098628,0.098628,11.1954645,2025-09-18 22:17:00
1758233880000,0.098636,0.098671,0.098636,0.098671,11.394453,2025-09-18 22:18:00
1758233940000,0.098759,0.098838,0.098759,0.098838,11.4605865,2025-09-18 22:19:00
1758234000000,0.098778,0.098778,0.098746,0.098746,11.308193,2025-09-18 22:20:00
1758234060000,0.098805,0.098824,0.098805,0.098824,11.5118655,2025-09-18 22:21:00
1758234120000,0.098814,0.098883,0.098814,0.098883,11.3676465,2025-09-18 22:22:00
1758234180000,0.098912,0.098958,0.098912,0.098958,11.031218,2025-09-18 22:23:00
1758234240000,0.099037,0.099037,0.099037,0.099037,11.3397365,2025-09-18 22:24:00
1758234300000,0.099106,0.099125,0.099106,0.099125,11.447864,2025-09-18 22:25:00
1758234360000,0.099132,0.099132,0.099121,0.099121,11.54824,2025-09-18 22:26:00
1758234420000,0.099091,0.099091,0.099044,0.099044,11.1450585,2025-09-18 22:27:00
1758234480000,0.099035,0.099035,0.099024,0.099024,11.3388585,2025-09-18 22:28:00
1758234540000,0.099011,0.099011,0.099,0.099,11.4351435,2025-09-18 22:29:00
1758234600000,0.098992,0.098992,0.098985,0.098985,11.3836775,2025-09-18 22:30:00
1758234660000,0.098985,0.098994,0.098985,0.098994,11.0373315,2025-09-18 22:31:00
1758234720000,0.099083,0.099083,0.099033,0.099033,11.391695,2025-09-18 22:32:00
1758234780000,0.099062,0.099062,0.099002,0.099002,11.289618,2025-09-18 22:33:00
1758234840000,0.098963,0.099012,0.098963,0.099012,11.5814885,2025-09-18 22:34:00
1758234900000,0.098992,0.098992,0.098962,0.098962,11.679301,2025-09-18 22:35:00
1758234960000,0.099041,0.09905,0.099041,0.09905,11.340694,2025-09-18 22:36:00
1758235020000,0.099069,0.099069,0.099052,0.099052,11.342406,2025-09-18 22:37:00
1758235080000,0.09908,0.099169,0.09908,0.099169,11.2505195,2025-09-18 22:38:00
1758235140000,0.099228,0.099247,0.099228,0.099247,11.412284,2025-09-18 22:39:00
1758235200000,0.099253,0.099253,0.099233,0.099233,11.710674,2025-09-18 22:40:00
1758235260000,0.099143,0.099143,0.099103,0.099103,11.4486565,2025-09-18 22:41:00
1758235320000,0.099132,0.099141,0.099132,0.099141,11.0537175,2025-09-18 22:42:00
1758235380000,0.099131,0.099131,0.099118,0.099118,11.2506405,2025-09-18 22:43:00
1758235440000,0.099038,0.099038,0.099038,0.099038,11.042737,2025-09-18 22:44:00
1758235500000,0.099082,0.099082,0.099068,0.099068,11.542255,2025-09-18 22:45:00
1758235560000,0.099056,0.099056,0.099039,0.099039,11.7371245,2025-09-18 22:46:00
1758235620000,0.09903,0.09903,0.09901,0.09901,11.139735,2025-09-18 22:47:00
1758235680000,0.099026,0.099026,0.099016,0.099016,11.040849,2025-09-18 22:48:00
1758235740000,0.099006,0.099006,0.099005,0.099005,11.385632,2025-09-18 22:49:00
1758235800000,0.099,0.099,0.098985,0.098985,11.1366375,2025-09-18 22:50:00
1758235860000,0.098964,0.098964,0.098959,0.098959,11.281611,2025-09-18 22:51:00
1758235920000,0.098949,0.098949,0.098919,0.098919,11.179512,2025-09-18 22:52:00
1758235980000,0.0989,0.0989,0.098851,0.098851,11.321208,2025-09-18 22:53:00
1758236040000,0.098803,0.098803,0.098731,0.098778,292.04483768045367,2025-09-18 22:54:00
1758236100000,0.098698,0.098755,0.098698,0.098755,11.501566,2025-09-18 22:55:00
1758236160000,0.098745,0.098745,0.098733,0.098733,11.1081285,2025-09-18 22:56:00
1758236220000,0.098713,0.098713,0.098673,0.098673,11.250942,2025-09-18 22:57:00
1758236280000,0.098702,0.098702,0.098632,0.098632,11.10002,2025-09-18 22:58:00
1758236340000,0.098686,0.098686,0.098678,0.098678,11.299071,2025-09-18 22:59:00
1758236400000,0.098658,0.098658,0.09859,0.098635,17.9095071490615,2025-09-18 23:00:00
1758236460000,0.098544,0.098544,0.098544,0.098544,5.814096,2025-09-18 23:01:00
1758236520000,0.098492,0.098492,0.098423,0.098423,11.027171,2025-09-18 23:02:00
1758236580000,0.098442,0.098442,0.098442,0.098442,11.419272,2025-09-18 23:03:00
1758236640000,0.098428,0.098428,0.098397,0.098397,11.661889,2025-09-18 23:04:00
1758236700000,0.09836,0.09836,0.098349,0.098349,11.212391,2025-09-18 23:05:00
1758236760000,0.098306,0.098306,0.098279,0.098279,11.303597,2025-09-18 23:06:00
1758236820000,0.098234,0.098234,0.098192,0.098192,11.147186,2025-09-18 23:07:00
1758236880000,0.098149,0.098149,0.098113,0.098113,11.088857,2025-09-18 23:08:00
1758236940000,0.098073,0.098161,0.098073,0.098161,10.989104,2025-09-18 23:09:00
1758237000000,0.098102,0.098111,0.098102,0.098111,11.380345,2025-09-18 23:10:00
1758237060000,0.098081,0.098139,0.098081,0.098139,10.890239,2025-09-18 23:11:00
1758237120000,0.098128,0.098179,0.098128,0.098179,11.631177,2025-09-18 23:12:00
1758237180000,0.098202,0.098241,0.098202,0.098241,11.0990685,2025-09-18 23:13:00
1758237240000,0.098329,0.098329,0.098299,0.098299,11.1586015,2025-09-18 23:14:00
1758237300000,0.098348,0.098348,0.098269,0.098269,11.3054775,2025-09-18 23:15:00
1758237360000,0.098249,0.098249,0.098249,0.098249,11.102137,2025-09-18 23:16:00
1758237420000,0.098258,0.098291,0.098258,0.098291,11.203326,2025-09-18 23:17:00
1758237480000,0.098276,0.098276,0.098229,0.098229,11.0043035,2025-09-18 23:18:00
1758237540000,0.098202,0.098202,0.098201,0.098201,11.2440705,2025-09-18 23:19:00
1758237600000,0.098132,0.098181,0.098132,0.098181,11.631533,2025-09-18 23:20:00
1758237660000,0.09819,0.09819,0.098123,0.098123,11.2878635,2025-09-18 23:21:00
1758237720000,0.098131,0.09815,0.098131,0.09815,11.0407825,2025-09-18 23:22:00
1758237780000,0.098238,0.098287,0.098238,0.098287,10.9071375,2025-09-18 23:23:00
1758237840000,0.098267,0.098267,0.098178,0.098178,11.0500535,2025-09-18 23:24:00
1758237900000,0.098168,0.098168,0.098168,0.098168,10.945732,2025-09-18 23:25:00
1758237960000,0.098168,0.098168,0.09814,0.09814,11.140444,2025-09-18 23:26:00
1758238020000,0.098166,0.098213,0.098166,0.098213,11.586361,2025-09-18 23:27:00
1758238080000,0.098222,0.098222,0.097984,0.098081,493.0174085582399,2025-09-18 23:28:00
1758238140000,0.098157,0.098201,0.098157,0.098201,11.4378425,2025-09-18 23:29:00
1758238200000,0.098218,0.098249,0.098218,0.098249,11.444226,2025-09-18 23:30:00
1758238260000,0.098259,0.098282,0.098259,0.098282,11.2028485,2025-09-18 23:31:00
1758238320000,0.098311,0.098369,0.098311,0.098369,11.210876,2025-09-18 23:32:00
1758238380000,0.098369,0.098447,0.098369,0.098447,11.120182,2025-09-18 23:33:00
1758238440000,0.098476,0.098476,0.098387,0.098387,10.975179,2025-09-18 23:34:00
1758238500000,0.098436,0.098445,0.098436,0.098445,11.1237675,2025-09-18 23:35:00
1758238560000,0.098385,0.098414,0.098385,0.098414,11.020744,2025-09-18 23:36:00
1758238620000,0.098423,0.098482,0.098423,0.098482,11.4205195,2025-09-18 23:37:00
1758238680000,0.098451,0.098451,0.098435,0.098435,11.616282,2025-09-18 23:38:00
1758238740000,0.098435,0.098435,0.098415,0.098415,11.5649425,2025-09-18 23:39:00
1758238800000,0.098433,0.098511,0.098433,0.098511,11.3735745,2025-09-18 23:40:00
1758238860000,0.098599,0.098599,0.098547,0.098547,11.730187,2025-09-18 23:41:00
1758238920000,0.098507,0.098507,0.098467,0.098467,11.1782445,2025-09-18 23:42:00
1758238980000,0.098528,0.098528,0.098488,0.098488,11.279156,2025-09-18 23:43:00
1758239040000,0.098517,0.098556,0.098517,0.098556,11.1839025,2025-09-18 23:44:00
1758239100000,0.098556,0.098565,0.098556,0.098565,11.2851705,2025-09-18 23:45:00
1758239160000,0.098566,0.098567,0.098566,0.098567,11.3351455,2025-09-18 23:46:00
1758239220000,0.098616,0.098655,0.098616,0.098655,11.1458115,2025-09-18 23:47:00
1758239280000,0.098595,0.098654,0.098595,0.098654,11.144657,2025-09-18 23:48:00
1758239340000,0.098742,0.098781,0.098742,0.098781,11.061327,2025-09-18 23:49:00
1758239400000,0.098759,0.098759,0.09874,0.09874,11.6524505,2025-09-18 23:50:00
1758239460000,0.098724,0.098724,0.098706,0.098706,11.401578,2025-09-18 23:51:00
1758239520000,0.098704,0.098782,0.098704,0.098782,11.207311,2025-09-18 23:52:00
1758239580000,0.098841,0.098841,0.098801,0.098801,11.166713,2025-09-18 23:53:00
1758239640000,0.098731,0.09874,0.098731,0.09874,10.860905,2025-09-18 23:54:00
1758239700000,0.09876,0.09876,0.098752,0.098752,11.406308,2025-09-18 23:55:00
1758239760000,0.098652,0.098652,0.098652,0.098652,11.542284,2025-09-18 23:56:00
1758239820000,0.09865,0.09865,0.098644,0.098644,11.295086,2025-09-18 23:57:00
1758239880000,0.098584,0.098636,0.098584,0.098636,11.38939,2025-09-18 23:58:00
1758239940000,0.098621,0.098621,0.098608,0.098608,11.1434515,2025-09-18 23:59:00
1758240000000,0.098637,0.098637,0.098587,0.098587,11.143081,2025-09-19 00:00:00
1758240060000,0.098594,0.09863,0.098594,0.09863,11.192489,2025-09-19 00:01:00
1758240120000,0.098638,0.098642,0.098638,0.098642,11.343604,2025-09-19 00:02:00
1758240180000,0.098651,0.098729,0.098651,0.098729,11.2011785,2025-09-19 00:03:00
1758240240000,0.098748,0.098748,0.098741,0.098741,11.2568765,2025-09-19 00:04:00
1758240300000,0.098819,0.098868,0.098819,0.098868,11.4163385,2025-09-19 00:05:00
1758240360000,0.098786,0.098875,0.098786,0.098875,97.63158301073348,2025-09-19 00:06:00
1758240420000,0.098911,0.098911,0.098901,0.098901,10.978566,2025-09-19 00:07:00
1758240480000,0.098901,0.098901,0.098857,0.098857,11.5193925,2025-09-19 00:08:00
1758240540000,0.098837,0.098837,0.098779,0.098779,11.560594,2025-09-19 00:09:00
1758240600000,0.098789,0.098799,0.098789,0.098799,10.966134,2025-09-19 00:10:00
1758240660000,0.09882,0.09882,0.09882,0.09882,11.56194,2025-09-19 00:11:00
1758240720000,0.09883,0.098889,0.09883,0.098889,10.9734045,2025-09-19 00:12:00
1758240780000,0.098918,0.098918,0.098878,0.098878,11.620525,2025-09-19 00:13:00
1758240840000,0.098835,0.098835,0.098835,0.098835,11.2177725,2025-09-19 00:14:00
1758240900000,0.098835,0.098835,0.098835,0.098835,11.0201025,2025-09-19 00:15:00
1758240960000,0.098881,0.099008,0.09887,0.098908,2005.8303887621175,2025-09-19 00:16:00
1758241020000,0.098875,0.098944,0.098875,0.098944,11.3249825,2025-09-19 00:17:00
1758241080000,0.099013,0.099062,0.099013,0.099062,10.993138,2025-09-19 00:18:00
1758241140000,0.099101,0.09912,0.099101,0.09912,11.2490085,2025-09-19 00:19:00
1758241200000,0.099103,0.099103,0.099078,0.099078,11.6431525,2025-09-19 00:20:00
1758241260000,0.098988,0.098997,0.098988,0.098997,11.532615,2025-09-19 00:21:00
1758241320000,0.098987,0.099026,0.098987,0.099026,11.583741,2025-09-19 00:22:00
1758241380000,0.099026,0.099044,0.099026,0.099044,11.488051,2025-09-19 00:23:00
1758241440000,0.099044,0.099044,0.099014,0.099014,11.239769,2025-09-19 00:24:00
1758241500000,0.098944,0.098983,0.098944,0.098983,10.9354765,2025-09-19 00:25:00
1758241560000,0.098953,0.099032,0.098953,0.099032,11.037723,2025-09-19 00:26:00
1758241620000,0.099032,0.099111,0.099032,0.099111,10.9474205,2025-09-19 00:27:00
1758241680000,0.099121,0.099121,0.099091,0.099091,11.5458715,2025-09-19 00:28:00
1758241740000,0.09915,0.099199,0.09915,0.099199,11.107495,2025-09-19 00:29:00
1758241800000,0.099203,0.099203,0.099203,0.099203,5.8033755,2025-09-19 00:30:00
1758241860000,0.099143,0.099179,0.099129,0.099129,17.2026265,2025-09-19 00:31:00
1758241920000,0.099138,0.099138,0.099115,0.099115,11.2013175,2025-09-19 00:32:00
1758241980000,0.099065,0.099065,0.099015,0.099015,11.7362275,2025-09-19 00:33:00
1758242040000,0.099044,0.099044,0.099044,0.099044,5.744552,2025-09-19 00:34:00
1758242100000,0.099133,0.099211,0.099133,0.099211,17.455491,2025-09-19 00:35:00
1758242160000,0.09923,0.099269,0.09923,0.099269,11.5129615,2025-09-19 00:36:00
1758242220000,0.099298,0.099298,0.09914,0.099238,2762.838740621861,2025-09-19 00:37:00
1758242280000,0.099258,0.099412,0.099157,0.099412,2743.184782189738,2025-09-19 00:38:00
1758242340000,0.09941,0.09941,0.09941,0.09941,5.66637,2025-09-19 00:39:00
1758242400000,0.09941,0.09941,0.099365,0.099365,16.7974875,2025-09-19 00:40:00
1758242460000,0.099295,0.099295,0.099295,0.099295,5.56052,2025-09-19 00:41:00
1758242520000,0.099374,0.099423,0.099374,0.099423,11.132583,2025-09-19 00:42:00
1758242580000,0.099442,0.099442,0.099412,0.099412,17.050868,2025-09-19 00:43:00
1758242640000,0.099332,0.099332,0.099332,0.099332,5.512926,2025-09-19 00:44:00
1758242700000,0.099401,0.099453,0.099401,0.099453,11.6827115,2025-09-19 00:45:00
1758242760000,0.099442,0.099442,0.099419,0.099419,11.0864835,2025-09-19 00:46:00
1758242820000,0.099415,0.099415,0.099415,0.099415,11.233895,2025-09-19 00:47:00
1758242880000,0.099404,0.099404,0.09939,0.09939,11.480364,2025-09-19 00:48:00
1758242940000,0.09931,0.099338,0.09931,0.099338,11.372591,2025-09-19 00:49:00
1758243000000,0.099248,0.099248,0.099248,0.099248,11.016528,2025-09-19 00:50:00
1758243060000,0.099178,0.099197,0.099178,0.099197,11.55532,2025-09-19 00:51:00
1758243120000,0.099276,0.099276,0.099256,0.099256,11.316354,2025-09-19 00:52:00
1758243180000,0.099226,0.099226,0.099176,0.099176,11.408015,2025-09-19 00:53:00
1758243240000,0.099245,0.099245,0.099245,0.099245,11.31393,2025-09-19 00:54:00
1758243300000,0.09927,0.099359,0.09927,0.099359,11.570028,2025-09-19 00:55:00
1758243360000,0.099269,0.099328,0.099269,0.099328,11.7668575,2025-09-19 00:56:00
1758243420000,0.099377,0.099377,0.099327,0.099327,10.9784085,2025-09-19 00:57:00
1758243480000,0.099247,0.099306,0.099247,0.099306,11.6650035,2025-09-19 00:58:00
